SYMBOL,change_27012026
20MICRONS,-0.5886599655689467
21STCENMGM,-1.9811788013868354
360ONE,0.542348368435325
3IINFOLTD,-0.3353454057679457
3MINDIA,-1.7256637168141593
3PLAND,-0.2846569883290675
5PAISA,-4.638009049773765
63MOONS,-4.44714459295262
A2ZINFRA,0.5665722379603405
AADHARHFC,-0.35102648654399193
AAKASH,0.25380710659899064
AAREYDRUGS,4.944300320463902
AARON,0.36783686112544733
AARTECH,-2.464714556562043
AARTIDRUGS,-1.503859462336965
AARTIIND,1.8328763169288564
AARTIPHARM,1.1247780043412574
AARTISURF,-6.6382880809940215
AARVI,-2.320032908268197
AAVAS,1.1416461580530521
ABB,-1.2827252654820733
ABBOTINDIA,0.19837691614066727
ABCAPITAL,-1.9887165021156592
ABCOTS,0.1961745953898998
ABDL,0.7182940516273824
ABFRL,-3.21871565394881
ABGSEC,-0.23368685960812968
ABINFRA,-3.487124463519325
ABLBL,-2.798122065727703
ABMINTLLTD,0.2527379949452497
ABREL,-4.264487369985148
ABSLAMC,0.8072328059412335
ABSLBANETF,-1.0749131800892981
ABSLLIQUID,0.0010000100000990915
ABSLNN50ET,-1.727555933163408
ABSLPSE,-0.9970089730807543
ACC,-3.4197430852910617
ACCELYA,-1.3913824057450561
ACCURACY,2.263374485596696
ACE,-1.9332052791374958
ACEINTEG,-2.9663147310206126
ACI,0.8115254855475392
ACL,-3.8499025341130677
ACMESOLAR,-3.7678355501813745
ACUTAAS,0.5473120895159328
ADANIENSOL,-12.121539792387534
ADANIENT,-10.649923312883438
ADANIGREEN,-14.5416344133584
ADANIPORTS,-7.4812614905953865
ADANIPOWER,-5.648594947487923
ADFFOODS,-3.9081210537774913
ADL,-2.494298745724059
ADOR,-2.8590812172901727
ADROITINFO,-2.5227043390514634
ADSL,-3.0528186076562647
ADVAIT,-3.308438612410141
ADVANCE,-4.100380909701981
ADVANIHOTR,3.4115493426526826
ADVENTHTL,-8.275070437232591
ADVENZYMES,-1.3053870196727382
AEGISLOG,-1.0707776427703455
AEGISVOPAK,-2.039822793437514
AEQUS,0.29074101684808024
AEROENTER,-7.453848833159181
AEROFLEX,-4.117860161816202
AERONEU,-1.1490991630018275
AETHER,-1.1231939551743504
AFCONS,-1.518877477216838
AFFLE,-1.8391947309556442
AFFORDABLE,-1.3616459720472738
AFIL,-2.9354207436399284
AFSL,0.0049751243781049285
AGARIND,-3.4388685476344385
AGARWALEYE,-2.1022302849215713
AGI,-0.2872911468964961
AGIIL,0.0
AGROPHOS,-2.5496511003757267
AHCL,-1.6515468713654304
AHLADA,-0.5485893416927923
AHLEAST,1.0054429996976206
AHLUCONT,-4.996284227976897
AIAENG,-0.7530200627960121
AIIL,-5.98198198198199
AIRAN,-5.547945205479456
AIROLAM,-0.9835340921648807
AJANTPHARM,-0.6623491315866942
AJAXENGG,-3.9087947882736183
AJMERA,-1.6893010930771668
AJOONI,0.2604166666666727
AKASH,1.119402985074625
AKG,-0.1516300227445002
AKI,-2.9780564263322806
AKSHAR,2.0833333333333353
AKSHARCHEM,0.7157913226769697
AKSHOPTFBR,-2.6690391459074796
AKUMS,1.022592152199765
AKZOINDIA,0.13630477748245076
ALANKIT,0.9297520661157012
ALBERTDAVD,0.4880536130536164
ALEMBICLTD,-1.763951250801802
ALGOQUANT,-2.1239773442416636
ALICON,-2.7106913704851783
ALIVUS,2.5536854323853744
ALKALI,-4.3286462641301355
ALKEM,-0.13892506729182946
ALKYLAMINE,-2.2218049818500436
ALLCARGO,-1.5037593984962465
ALLDIGI,0.03153380423814329
ALLTIME,-10.371974020862043
ALMONDZ,-5.111821086261985
ALOKINDS,-2.301963439404197
ALPA,-1.977920883164672
ALPHA,-1.5712440809298407
ALPHAETF,-1.5561015561015665
ALPHAGEO,-2.4393820883848303
ALPL30IETF,-0.9127418765972983
AMAGI,2.7489059080962672
AMANTA,-1.1362513585613985
AMBER,-2.904745289602233
AMBICAAGAR,-1.8419975440032716
AMBIKCO,-1.8892297755530327
AMBUJACEM,-5.122575923893157
AMDIND,-2.5448107988493
AMJLAND,-5.008944543828269
AMNPLST,0.2937788018433291
AMRUTANJAN,-3.653186567759428
ANANDRATHI,-1.6255027756540266
ANANTRAJ,-6.750976380881545
ANDHRAPAP,-1.8691588785046773
ANDHRSUGAR,-1.7921664980488436
ANGELONE,-2.006545624561677
ANIKINDS,-1.9319782652445179
ANMOL,-2.692003167062562
ANTELOPUS,14.720581553839168
ANTGRAPHIC,-2.1276595744680753
ANTHEM,0.41226912928759896
ANUHPHR,-1.0873997553350512
ANUP,-2.948861515490852
ANURAS,-0.7503025413473138
AONEGOLD,2.9160739687055486
AONELIQUID,0.055555555555548586
AONENIFTY,-0.9643201542912214
AONETMMQ50,-1.0649627263045944
AONETOTAL,-1.0335917312661431
APARINDS,-2.5157668584101462
APCL,0.41316526610642507
APCOTEXIND,-0.7880664227413484
APEX,-3.572737266397948
APLAPOLLO,1.2196356275303597
APLLTD,-0.6303613205094909
APOLLO,-4.261730520878177
APOLLOHOSP,0.08827423863469178
APOLLOPIPE,5.078200424792445
APOLLOTYRE,-0.9228937183685688
APOLSINHOT,-0.2591283863368633
APTECHT,-2.0300931454501896
APTUS,-2.055440316801806
ARCHIDPLY,3.080996509808644
ARCHIES,0.7259528130671351
ARE&M,-2.743813256888777
ARENTERP,-1.7103762827822122
ARFIN,0.16621915356093808
ARIES,-1.8451992161985558
ARIHANTCAP,-3.271384928716914
ARIHANTSUP,-8.100272851296044
ARISINFRA,-2.1325915623551204
ARKADE,-2.5454863540937693
ARMANFIN,-1.1345516987611923
AROGRANITE,-2.7649769585253496
ARROWGREEN,-4.22249746650152
ARSSBL,-2.013699760666839
ARTEMISMED,-1.9105514546244053
ARTNIRMAN,0.986378581493663
ARVIND,-1.4054232804232805
ARVINDFASN,-2.8256758260095647
ARVSMART,2.572410407461958
ASAHIINDIA,-1.9140746905232475
ASAHISONG,1.705526770293617
ASAL,-1.9202898550724612
ASALCBR,-2.556048287755605
ASHAPURMIN,-9.210789210789208
ASHIANA,-2.603185476965222
ASHIMASYN,-2.8169014084506987
ASHOKA,1.0101010101010157
ASHOKAMET,0.8683068017366079
ASHOKLEY,1.4189615303762817
ASIANENE,-4.574257425742579
ASIANHOTNR,-1.756907842197732
ASIANPAINT,-0.0036984984096591384
ASIANTILES,-5.3647187628301465
ASKAUTOLTD,-2.3418666054413935
ASMS,-3.826086956521735
ASPINWALL,-2.811600619880449
ASTEC,-4.100707308858186
ASTERDM,-3.6526114870726976
ASTRAL,-2.073308802717234
ASTRAMICRO,-0.833787465940052
ASTRAZEN,-0.3354498622259494
ASTRON,-0.9960159362549766
ATALREAL,-0.47238372093022896
ATAM,-5.106934543097876
ATGL,-5.5748175182481665
ATHERENERG,-1.6543972136467873
ATL,-3.1679866611087877
ATLANTAA,-7.804878048780495
ATLANTAELE,-2.1430970775949003
ATLASCYCLE,-3.612581750233576
ATUL,0.9354699003897791
ATULAUTO,-2.3594377510040103
AUBANK,-3.4431062915396464
AURIONPRO,-3.643639427127214
AUROPHARMA,-1.1176111062603644
AURUM,-3.9125613812767286
AUTOAXLES,-0.26742093083055
AUTOBEES,-1.2206067133369354
AUTOIETF,-1.182795698924725
AUTOIND,-4.108672376873653
AVADHSUGAR,-0.12260536398466737
AVALON,-4.8050716909586395
AVANTEL,-3.9483889163082724
AVANTIFEED,-2.955918262434134
AVG,-8.305341500362255
AVL,0.218431454129397
AVONMORE,-2.1104903786468023
AVTNPL,-1.6839178124517278
AWFIS,-0.109011627906974
AWHCL,13.78588516746411
AWL,-0.46183878493548486
AXISBANK,-2.842137781896815
AXISBNKETF,-1.2443494698775457
AXISBPSETF,0.3813882532418056
AXISCADES,4.649473301852528
AXISCETF,-1.4947683109118064
AXISGOLD,2.6422926478805913
AXISHCETF,-0.4677464395420385
AXISILVER,5.573259438863884
AXISNIFTY,-0.8019851830540237
AXISTECETF,0.069291790117562
AXISVALUE,-1.2917454316320105
AXSENSEX,-0.6722490859771286
AYMSYNTEX,1.2560777957860516
AZAD,-1.052631578947365
BAGFILMS,0.0
BAIDFIN,12.935323383084565
BAJAJ-AUTO,0.4642475987193169
BAJAJCON,2.997642303806007
BAJAJELEC,-0.16531027466937367
BAJAJFINSV,-2.2126335858712514
BAJAJHCARE,-2.946081156197894
BAJAJHFL,-2.429596907785757
BAJAJHIND,-3.6285362853628635
BAJAJHLDNG,-0.624126688402422
BAJAJINDEF,-0.35977105478332716
BAJEL,-1.3599999999999948
BAJFINANCE,-1.590921143341995
BALAJEE,-0.5743825387708296
BALAJITELE,-5.4174161464395345
BALAMINES,-6.675479180436233
BALAXI,-3.7833532457188346
BALKRISHNA,0.1177856301531188
BALKRISIND,-0.7459303523593616
BALMLAWRIE,-3.053346490973483
BALPHARMA,-2.9948867786705584
BALRAMCHIN,2.291021671826625
BALUFORGE,-4.853881851247953
BANARBEADS,2.8292777134028513
BANARISUG,-0.20578420467186015
BANCOINDIA,-4.752406556239698
BANDHANBNK,4.822406289484771
BANG,-0.7970849464814264
BANKA,1.882018029416424
BANKADD,-1.2754679476561142
BANKBARODA,-2.9970520799213998
BANKBEES,-1.2471970800530312
BANKBETA,-1.6018306636155555
BANKBETF,-1.017854163190388
BANKETF,-1.3700224457560908
BANKIETF,-1.2058143376280095
BANKINDIA,-4.068020670592467
BANKNIFTY1,-1.2041499877461
BANKPSU,-2.3582816651904293
BANSALWIRE,-3.8041499817983215
BANSWRAS,-4.0622627182991655
BASF,-0.2960364015130675
BASML,-4.855233853006681
BATAINDIA,-2.7184466019417424
BAYERCROP,0.44666376526101204
BBETF0432,0.1692216572953799
BBL,-2.383518984309491
BBNPNBETF,-0.9612141652613834
BBNPPGOLD,3.097040605643496
BBOX,-4.832307997618568
BBTC,-2.6620240368415065
BBTCL,-1.0666530570582848
BCG,-2.1881838074398363
BCLIND,-1.9787985865724462
BCONCEPTS,2.478134110787176
BDL,-2.9768467475192977
BEARDSELL,-1.9154318756776332
BECTORFOOD,0.6121060983903851
BEDMUTHA,1.2280212112754743
BEL,-1.5815959741193442
BELLACASA,-0.3486961795027393
BELRISE,-3.1147739667919128
BEML,-2.2108641388327483
BEPL,-0.5696279238880122
BERGEPAINT,-0.6498621504529365
BETA,-3.2758398764319643
BFINVEST,-2.4086922372038195
BFSI,-1.2468827930174615
BGRENERGY,-1.4026884862653453
BHAGCHEM,-1.302271740703235
BHAGERIA,0.8160703075957206
BHANDARI,2.2900763358778478
BHARATCOAL,-6.137647663071394
BHARATFORG,-1.5857492141110756
BHARATGEAR,-2.5723186470850026
BHARATRAS,-4.199571472298739
BHARATSE,-4.020583190394521
BHARATWIRE,-3.4835824408614733
BHARTIARTL,-0.8740385575866547
BHARTIHEXA,-0.5786039640526816
BHEL,-3.597694295368718
BIGBLOC,-7.071520618556702
BIKAJI,-3.2406719191318665
BIL,1.3119857682899745
BIOCON,-1.8230563002680995
BIOFILCHEM,0.16733601070950707
BIRLACABLE,0.9538192512518899
BIRLACORPN,-2.037319116527046
BIRLAMONEY,-4.280123919778249
BIRLANU,-1.1610853092153508
BLACKBUCK,-3.597122302158273
BLAL,-2.086534172572735
BLBLIMITED,-2.5473071324599683
BLISSGVS,4.751438360592148
BLKASHYAP,-2.882205513784466
BLS,-3.202533872954414
BLSE,-4.544403330249777
BLUECOAST,1.744820065430741
BLUEDART,-0.5350103247606532
BLUEJET,-4.6521882923602735
BLUESTARCO,-0.6552389867197126
BLUESTONE,-3.810526315789479
BLUSPRING,-4.000640102416386
BMWVENTLTD,-1.5470189466365385
BODALCHEM,-1.072104267395413
BOHRAIND,-3.7341772151898724
BOMDYEING,-3.0846985012199424
BOROLTD,-2.564102564102564
BORORENEW,-3.7047646328654595
BOROSCI,-0.07603839939169119
BOSCH-HCIL,-3.2638389647735506
BOSCHLTD,-1.2461495379445533
BPCL,-1.4118311449950587
BPL,-3.3806626098715347
BRIGADE,-2.519876891510641
BRIGHOTEL,-3.477690288713906
BRITANNIA,-1.6351989211058664
BRNL,-0.3512293025589578
BROOKS,-2.2964509394572117
BSE,-0.8565310492505286
BSE500IETF,-1.3610683102208556
BSHSL,-2.1668244451456697
BSL,1.411835386001799
BSLGOLDETF,2.066426209798617
BSLNIFTY,-0.8825526137135151
BSLSENETFG,-1.0526315789473737
BSOFT,-2.311025517573415
BTML,4.5045045045045
BUTTERFLY,-2.250247279920867
BVCL,-4.940257352941189
BYKE,-2.565076952308572
CALSOFT,-0.4922644163150512
CAMLINFINE,-1.5957080954673593
CAMPUS,-1.7268445839874433
CAMS,-4.005651713175559
CANBK,-1.8554434962503263
CANFINHOME,-1.5780821917808194
CANHLIFE,-2.117709933863309
CANTABIL,-2.53075571177504
CAPACITE,-3.225806451612898
CAPILLARY,-0.9319514742508344
CAPITALSFB,0.17723513194170484
CAPLIPOINT,-0.748847926267281
CAPTRUST,2.786190187764974
CARBORUNIV,0.40495766351700435
CARERATING,-0.9484666455896301
CARRARO,-2.7593152064451134
CARTRADE,-3.4791526961461017
CARYSIL,-1.4131501472031345
CASHIETF,0.05542019014859822
CASTROLIND,-1.268544399053959
CCHHL,-0.940665701881337
CCL,-0.7186142543036461
CDSL,-2.2335249889429423
CEATLTD,-0.55097892371885
CEIGALL,-0.7761732851985478
CELEBRITY,-6.657963446475193
CELLO,-1.6779511333529606
CEMPRO,-2.69323577488909
CENTENKA,0.23561090541905338
CENTEXT,-2.1808268968650633
CENTRALBK,-2.3924731182795713
CENTRUM,-4.201020808794661
CENTUM,-2.123783711734115
CENTURYPLY,-0.6449445750755733
CERA,-1.828662293778573
CESC,-2.1052631578947243
CEWATER,-1.5613195668597444
CGCL,-0.9962049335863251
CGPOWER,-4.379625598606875
CHALET,-2.42146596858639
CHAMBLFERT,2.086018985116614
CHEMBOND,-4.228917150265462
CHEMBONDCH,-3.834037133856156
CHEMCON,-3.6490551047046176
CHEMFAB,-2.369077306733167
CHEMICAL,-0.18096272167933664
CHEMPLASTS,-3.974936361856278
CHENNPETRO,1.7825850504562208
CHEVIOT,-0.6509112757861005
CHOICEGOLD,1.5197770108839872
CHOICEIN,-2.9867892016082824
CHOLAFIN,-1.2499999999999973
CHOLAHLDNG,-1.3977514433302947
CIEINDIA,0.28076171874999445
CIFL,-0.0615574022776335
CIGNITITEC,-4.003606853020734
CINELINE,-0.17609767551068992
CINEVISTA,-5.389980976537728
CIPLA,-4.042615294804443
CLEAN,-2.7043953541334544
CLEDUCATE,-6.6727131381186915
CLSEL,-2.9086439983613253
CMSINFO,-2.3525817293003324
CNL,0.13691720112415245
COALINDIA,-1.1342155009451822
COCHINSHIP,-0.6541182752636466
COFFEEDAY,-3.0303030303030423
COFORGE,-3.039639746400424
COHANCE,-1.3571151609150833
COLPAL,-0.6102037071022081
COMMOIETF,-1.0636079249218042
COMPUSOFT,1.8413597733711162
CONCOR,-2.9533731162132137
CONCORDBIO,-1.2033884886390482
CONFIPET,-1.8416206261510064
CONS,-0.957854406130273
CONSOFINVT,8.955807587016041
CONSUMBEES,-1.2394149345650605
CONSUMER,-1.7086330935251755
CONSUMIETF,-1.232219649354941
CONTROLPR,1.8339696085036303
CORALFINAC,-0.5442176870748378
CORDSCABLE,-2.407512447217491
COROMANDEL,-1.4165424085606406
CORONA,1.021141953113767
COSMOFIRST,-5.815186363265636
COUNCODOS,0.0
CPCAP,-1.9421246844047386
CPEDU,-3.7918040508714133
CPPLUS,-2.4748322147651067
CPSEETF,-1.316775505834482
CRAFTSMAN,-5.574867186987604
CRAMC,-5.116543490619681
CREATIVEYE,1.291248206599711
CREDITACC,-3.9384742723134165
CREST,-1.524879614767252
CRISIL,-1.0726635977181278
CRIZAC,3.0109489051094998
CROMPTON,-1.8941868060091418
CROWN,-1.1160910449072943
CSBBANK,-1.3930950938825024
CSLFINANCE,0.2615062761506276
CTE,-2.8330155271043287
CUB,-2.736581920903955
CUBEXTUB,-1.1256319755795026
CUMMINSIND,-3.3777471852106813
CUPID,-3.1691857630424183
CYBERMEDIA,-2.529302899444788
CYBERTECH,-2.3072767960490848
CYIENT,-4.284203102961929
CYIENTDLM,-1.9621201798610135
DABUR,-1.2087179975254636
DALBHARAT,-2.7429211176936947
DALMIASUG,-2.799433026222529
DAMCAPITAL,-0.8226792662590429
DAMODARIND,-0.4275165176836355
DANGEE,-1.5822784810126667
DATAMATICS,-4.442316192721392
DATAPATTNS,-4.835615243742918
DAVANGERE,0.42826552462527756
DBCORP,-2.377240841777094
DBEIL,-0.7425480004243162
DBL,1.3920609026644866
DBOL,20.00000000000001
DBREALTY,1.292678113282023
DBSTOCKBRO,-0.6791849780263751
DCAL,-4.166285138723557
DCBBANK,-3.1198686371100095
DCI,-0.7889637353511156
DCM,-2.831020048468834
DCMFINSERV,3.363228699551578
DCMNVL,-0.8634772462077118
DCMSHRIRAM,0.29138590420688815
DCMSRIND,-2.5143141647996146
DCW,-7.795322806316207
DCXINDIA,-3.202911737943586
DDEVPLSTIK,6.155507559395236
DECCANCE,-4.772361294100428
DEEDEV,-3.3142161092219466
DEEPAKFERT,-0.21992894603283167
DEEPAKNTR,-2.2872140982377287
DEEPINDS,-2.130681818181818
DELHIVERY,-0.705399512633064
DELPHIFX,-4.409956324471019
DELTACORP,-3.3343391671695954
DELTAMAGNT,-0.8789210486437314
DEN,-4.020618556701037
DENORA,0.4329379167027448
DENTA,-5.035042419771314
DEVIT,-3.2917865132630153
DEVX,-1.1013215859030798
DEVYANI,-4.786040714582461
DGCONTENT,-0.5331556147950688
DHAMPURSUG,-2.0213510675533795
DHANBANK,-2.6315789473684155
DHANUKA,-2.249415152060464
DHARMAJ,-3.7384758521525856
DHRUV,0.21598272138228053
DHUNINV,1.0416666666666665
DIACABS,-4.444788601517718
DIAMINESQ,1.4402880576115316
DIAMONDYD,-1.6344320348678836
DICIND,-1.6561130053580126
DIFFNKG,-2.138531415594238
DIGIDRIVE,-1.2938230383973384
DIGISPICE,-8.400357462019656
DIGITIDE,-2.0942874966580467
DIGJAMLMTD,-0.5750545310331135
DISHTV,-4.322766570605197
DIVGIITTS,-0.15915563746019967
DIVIDEND,-0.8006626173384848
DIVISLAB,-0.9800691813539779
DIVOPPBEES,-0.1444043321299523
DIXON,-1.445966514459665
DJML,4.196592029291634
DLF,-4.051850644056728
DLINKINDIA,-1.7302866199973614
DMART,-1.570849332724685
DMCC,1.4566473988439332
DNAMEDIA,-9.264305177111714
DODLA,1.2743691450755261
DOLATALGO,-2.618243243243245
DOLLAR,-2.879256965944276
DOLPHIN,-4.813794755119153
DOMS,-1.0382059800664452
DONEAR,-2.901492537313441
DPABHUSHAN,-5.897277652060619
DPSCLTD,-1.4476614699331936
DPWIRES,-1.382623469447528
DRCSYSTEMS,-1.2434554973821959
DREAMFOLKS,3.5270154373927873
DREDGECORP,-5.967557914579105
DRREDDY,1.4866529774127235
DSSL,-3.202253051006576
DTIL,-0.7364395977906756
DUCON,-2.071005917159759
DVL,-1.184110007639428
DWARKESH,-3.2456140350877174
DYCL,-2.7406764960971297
DYNAMATECH,-4.387557492132656
DYNPRO,-0.9280742459396751
E2E,-2.440782203430557
EASEMYTRIP,-1.7027863777089833
EBANKNIFTY,-0.6729475100942103
EBBETF0430,0.3222272346458723
EBBETF0431,0.3611900564809139
EBBETF0433,-0.01899846429080388
EBGNG,-4.454976303317536
ECAPINSURE,-1.8274543136421577
ECLERX,-0.5519906161595254
ECOSMOBLTY,-6.513389523098264
EDELWEISS,-2.964205816554816
EFCIL,-6.697819314641751
EGOLD,2.5930851063829823
EICHERMOT,-1.078167115902965
EIDPARRY,-3.7636761487964963
EIEL,-2.9057204594563935
EIFFL,1.3979129749950823
EIHAHOTELS,-3.8365058285377005
EIHOTEL,-2.4360720229989443
EIMCOELECO,-2.903600464576074
EKC,13.250271927222393
ELDEHSG,-3.5825105782792668
ELECON,-0.9639508781196297
ELECTCAST,-3.9334341906202717
ELECTHERM,-1.2774623549740831
ELGIEQUIP,-3.266188687834306
ELGIRUBCO,-6.267409470752079
ELIN,-0.2686727565824864
ELIQUID,0.053170016049464225
ELLEN,-4.236151044661686
ELM250,-1.050030883261283
EMAMILTD,0.37807183364838864
EMAMIPAP,-1.5621063240110795
EMAMIREAL,-4.420753375977257
EMCURE,-1.7710472279260865
EMIL,-0.8800631840234697
EMKAY,-1.8670389111847923
EMMBI,1.334329632792485
EMMVEE,-4.742475879614085
EMSLIMITED,-3.1177156177156147
EMUDHRA,-3.2090608777725342
EMULTIMQ,-1.1887072808321049
ENDURANCE,-2.0691374439089323
ENERGY,-1.9816622301094398
ENGINERSIN,-5.2115231938301
ENIFTY,-0.5146476642913799
ENIL,0.430693504438788
ENRIN,-3.5137098238605446
ENTERO,-1.6053682154081257
EPACK,-0.9228187919463159
EPACKPEB,-9.997555609875345
EPIGRAL,-2.5514403292181154
EPL,-1.549446279386049
EQUAL200,-1.615384615384622
EQUAL50,-1.3813832048090386
EQUAL50ADD,-1.2898665959890436
EQUITASBNK,1.3552068473609171
ERIS,-2.3331218721364726
ESABINDIA,-3.184486746130582
ESAFSFB,-2.3573624871882517
ESCORTS,-1.4887569301775838
ESENSEX,-0.6069434328720563
ESG,-1.2254335260115634
ESILVER,9.036732417927096
ESSENTIA,-3.0534351145038197
ESTER,-0.35564853556484227
ETERNAL,-6.234142805364259
ETHOSLTD,-1.3935894883535735
EUREKAFORB,-2.8863109048723814
EUROBOND,-1.2528015631285436
EUROPRATIK,-4.541864139020537
EVEREADY,0.0
EVERESTIND,1.7584005781043026
EVIETF,-1.0077258985555952
EVINDIA,-1.473543201607494
EXCEL,0.0
EXCELINDUS,-2.5756842501478783
EXCELSOFT,-5.296694544006366
EXICOM,-1.996867658574777
EXIDEIND,-2.7075542258788365
EXPLEOSOL,-0.7743061235618106
FABTECH,-6.244528742340233
FACT,-2.9115967221256436
FAIRCHEMOR,-0.8648812684925169
FAZE3Q,-1.089204467117052
FCL,-2.992407324698534
FCSSOFT,-4.320987654320991
FDC,-1.8717642373556234
FEDERALBNK,-1.293408929836987
FEDFINA,-3.5972655472223987
FIBERWEB,-1.550387596899225
FIEMIND,-2.6718076661374504
FILATEX,-2.730996813837041
FILATFASH,0.0
FINCABLES,-0.8517068479978083
FINEORG,-2.1326954551177093
FINIETF,-1.7682349226397294
FINKURVE,-1.445811924961159
FINOPB,-3.203817314246767
FINPIPE,-0.8218708977798058
FIRSTCRY,-0.7849580138736684
FISCHER,-1.9758507135016437
FIVESTAR,-0.2917152858809801
FLAIR,-2.420916720464816
FLEXIADD,-2.3408239700374533
FLEXITUFF,2.4505183788878395
FLUOROCHEM,-3.781422110088923
FMCGIETF,-1.0066510875426968
FMGOETZE,-2.8738935509828716
FMNL,4.600811907983772
FOCUS,-3.062544931703804
FOODSIN,-1.620848561894173
FORCEMOT,-6.619956511234598
FORTIS,0.30304830946579764
FOSECOIND,-0.7007492287351296
FSL,0.22371364653245304
FUSION,0.3064525282333534
GABRIEL,-2.0658910514298143
GAEL,-2.858572143214464
GAIL,-1.6873509812312715
GALAPREC,-0.637737418549828
GALAXYSURF,0.0052532044547245445
GALLANTT,-1.4079322720161915
GANDHAR,3.045043906753441
GANDHITUBE,-1.2103827048205384
GANECOS,-1.3939043767152937
GANESHBE,-1.792642140468232
GANESHCP,-2.329083425358893
GANESHHOU,-2.8264975715056724
GANGAFORGE,8.681672025723474
GANGESSECU,1.2100757326308849
GARFIBRES,1.95393697513927
GARUDA,-6.360964138741913
GATECH,-4.0000000000000036
GATECHDVR,0.0
GATEWAY,-0.8773469029654325
GEECEE,-0.2773246329526991
GEEKAYWIRE,1.592246452059539
GEMAROMA,-2.575051759834362
GENCON,-2.1860361365157193
GENESYS,-8.873468182489283
GENUSPAPER,-2.702702702702703
GENUSPOWER,-1.6286644951140066
GEOJITFSL,-1.613600345771489
GESHIP,-0.5025125628140826
GFLLIMITED,-1.5600000000000023
GHCL,-1.6613776367369963
GHCLTEXTIL,-0.506828100802477
GICHSGFIN,-1.2654377319462264
GICRE,-2.1388962239239415
GILLANDERS,-0.8405127127547923
GILLETTE,-0.7826573079073234
GILT10BETA,-0.38314176245211273
GILT5BETA,-0.04704406460718384
GILT5YBEES,-0.07857928650008528
GINNIFILA,-0.5142083897158453
GIPCL,-1.8681477207155046
GKENERGY,-4.937675914756736
GKSL,-2.3200943767204083
GKWLIMITED,-5.352685050798261
GLAND,-2.367550629605986
GLAXO,-2.8064868498445397
GLENMARK,-1.4770678950530742
GLOBALE,-2.1294718909710393
GLOBALVECT,-3.5048471290082093
GLOBE,-1.0380622837370328
GLOBECIVIL,-1.2180267965895175
GLOBUSSPR,-2.0567755757900423
GLOSTERLTD,-1.4728160242383437
GLOTTIS,-1.512573265267531
GMBREW,-3.915204381783145
GMDCLTD,-3.7923041261010746
GMMPFAUDLR,-2.2344139650872794
GMRAIRPORT,-4.090431125131441
GMRP&UI,-2.5328600211071675
GNA,-0.36347775516138414
GNFC,2.790079716563323
GOACARBON,-3.398253861652109
GOCLCORP,-5.426794799321663
GOCOLORS,-1.057027273913599
GODAVARIB,1.2323593718942534
GODFRYPHLP,-3.2362773121457273
GODIGIT,2.251002158495224
GODREJAGRO,-2.1832395843264454
GODREJCP,-0.44943820224718367
GODREJIND,-3.0245746691871433
GODREJPROP,-4.887682053813876
GOKEX,-6.710735503305148
GOKUL,-1.611603545527785
GOKULAGRO,-5.139664804469275
GOLD1,2.502582029077624
GOLD360,4.3029259896729775
GOLDADD,2.256766891661555
GOLDBEES,2.477078976998551
GOLDBETA,2.3228346456692823
GOLDBND,1.6759776536312727
GOLDCASE,2.620456466610317
GOLDETF,1.9255718675315958
GOLDIAM,-4.039424785910486
GOLDIETF,2.7626881887319366
GOLDTECH,-7.081403044341498
GOODLUCK,-4.979098931723179
GOPAL,-2.164931416294831
GPIL,-3.4723608062263085
GPPL,-2.3143513338437116
GPTHEALTH,-0.06950343655881026
GPTINFRA,0.7407407407407408
GRANULES,-1.1027481183266157
GRAPHITE,-4.096233980658867
GRASIM,-1.0259721624336315
GRAVITA,2.202439828552594
GREAVESCOT,-2.2646079321828694
GREENLAM,-0.8998295477068261
GREENPANEL,-0.9006884843912084
GREENPLY,-2.9824170932561835
GREENPOWER,-1.2948207171314643
GRINDWELL,-0.9044259140474605
GRINFRA,1.6235021260146814
GRMOVER,-2.495340027659194
GROBTEA,-1.6546685290641552
GROWW,0.7700174457077551
GROWWCAPM,-1.6597510373443998
GROWWCHEM,-0.7959479015918918
GROWWDEFNC,-1.6207031760554294
GROWWEV,-1.5456989247311856
GROWWGOLD,3.4302963776070254
GROWWLIQID,0.055782818891783444
GROWWLOVOL,-0.7619047619047626
GROWWMC150,-1.7283258594917867
GROWWMETAL,-0.638103919781224
GROWWMOM50,-1.0742187499999944
GROWWN200,-1.1463844797178042
GROWWNET,-3.7678207739307634
GROWWNIFTY,-0.49309664694280775
GROWWNXT50,-1.4524974062546376
GROWWPOWER,-4.828326180257522
GROWWRAIL,-1.917315757938887
GROWWRLTY,-3.405221339387068
GROWWSC250,-1.8909899888765287
GROWWSLVR,6.215386786130024
GRPLTD,-5.55423547582274
GRSE,-2.910765487879051
GRWRHITECH,-3.7096562581999595
GSEC10ABSL,0.6818181818181818
GSEC10IETF,0.3137224524574934
GSEC10YEAR,0.06772773450727929
GSEC5IETF,0.42372881355932696
GSFC,-0.47088549442976524
GSPL,-1.258278145695368
GSS,-1.2675116744496298
GTECJAINX,2.052334530528487
GTL,-0.9900990099009941
GTLINFRA,-0.9708737864077678
GTPL,-1.6578749058025712
GUFICBIO,-3.804938655070663
GUJALKALI,-0.8629164391043121
GUJAPOLLO,-4.006470075898973
GUJGASLTD,-0.44253226797787615
GUJTHEM,-6.433092889739428
GULFOILLUB,-4.018223234624138
GULFPETRO,-2.3081721771678163
GULPOLY,-4.171650717703337
GVPIL,-1.0356327891873074
GVPTECH,0.49689440993787753
GVT&D,2.3505885904014385
HAL,-1.0911513369475327
HAPPSTMNDS,-1.5513271118652365
HAPPYFORGE,-2.228598756575797
HARIOMPIPE,-1.9624367926799984
HARRMALAYA,-2.602849565163757
HARSHA,-0.9724257359797612
HATHWAY,-9.557522123893806
HATSUN,-4.690634998102055
HAVELLS,-1.8905320933069032
HAVISHA,3.164556962025305
HBLENGINE,-2.8213597577759426
HCC,-4.869109947643977
HCG,-1.779048526725428
HCL-INSYS,0.24390243902438505
HCLTECH,0.22899418707064126
HDBFS,-2.618680857022832
HDFCAMC,-2.7692184561207043
HDFCBANK,-0.28300859910743686
HDFCBSE500,0.3801248981808324
HDFCGOLD,2.256338683414745
HDFCGROWTH,-0.09430996541967175
HDFCLIFE,-1.7928561577713418
HDFCLIQUID,0.054525105463026836
HDFCLOWVOL,-0.5689900426742579
HDFCMID150,-1.5733456732993978
HDFCMOMENT,-1.1031797534068781
HDFCNEXT50,-1.6904692509472612
HDFCNIF100,-0.6026365348399252
HDFCNIFBAN,-1.2351778656126482
HDFCNIFIT,0.07398273736128518
HDFCNIFTY,-0.8964178577730794
HDFCPSUBK,-2.210433244916003
HDFCPVTBAN,-1.1114970475859682
HDFCQUAL,-0.01675041876047758
HDFCSENSEX,-0.7014136182151782
HDFCSILVER,5.197824998211337
HDFCSML250,-1.995678149230974
HDFCVALUE,-0.15152608413306007
HEADSUP,2.6829268292683004
HEALTHADD,0.7754123784012366
HEALTHIETF,-0.8113168296234768
HEALTHY,-0.4152249134948009
HECPROJECT,1.1928610453469335
HEG,-3.476594579797439
HEIDELBERG,-1.983380845514654
HEMIPROP,-4.029469252743959
HERANBA,-2.9830789801281754
HERITGFOOD,-3.685355244079265
HEROMOTOCO,-1.903981051289059
HESTERBIO,-3.833019722628754
HEXATRADEX,-0.4638505782670542
HEXT,-1.2401818933443571
HFCL,-2.0362353695686966
HGINFRA,-11.003016591251892
HGM,0.6333695258776718
HGS,-1.9477377207839368
HIKAL,-2.5152820923940324
HILINFRA,-2.2346368715083735
HILTON,-4.125803178897527
HIMATSEIDE,-5.390549662487949
HINDALCO,0.6194081211286896
HINDCOMPOS,-0.04913401302051065
HINDCON,-4.385964912280701
HINDCOPPER,0.7236162014848272
HINDOILEXP,-0.7155876594882888
HINDPETRO,-3.004442366144486
HINDUNILVR,0.7905965029699695
HINDWAREAP,-2.12535241813056
HINDZINC,4.55667789001123
HIRECT,-3.3298647242455703
HISARMETAL,1.8427199584739187
HITECH,-3.5242855312059467
HITECHCORP,0.012501562695343315
HLEGLAS,-2.462144527883787
HLVLTD,-1.5222482435597076
HMAAGRO,-1.478953356086464
HMVL,-0.12661789532921133
HNDFDS,-2.6725816922744046
HNGSNGBEES,1.5756497237978717
HOMEFIRST,6.122448979591842
HONASA,-1.4324569356300956
HONAUT,-3.1336832355665325
HONDAPOWER,-3.0488387651725106
HPAL,-2.9244306418219526
HPIL,3.6310931421160966
HPL,-2.100710534445478
HSCL,-2.604904632152586
HTMEDIA,-4.510309278350518
HUBTOWN,-7.385192985669152
HUDCO,-5.383612573028828
HUHTAMAKI,-2.351291592514703
HYUNDAI,-0.6409693563965388
IBULLSLTD,-0.8665511265164615
ICDSLTD,-1.7064846416382253
ICEMAKE,0.3544407334196746
ICICIAMC,-0.22277316661276342
ICICIB22,-1.2258894127732591
ICICIBANK,-0.15607580824971454
ICICIGI,-1.5893023510714088
ICICIPRULI,-2.212355507923131
ICIL,-3.4408602150537635
ICRA,-1.9456530662507183
IDBI,-2.5897410258974136
IDEA,-2.4557956777996073
IDEAFORGE,-6.56577415599534
IDFCFIRSTB,-1.437054631828988
IDFNIFTYET,-0.6204906204906099
IEX,-2.69342285975889
IFBAGRO,-4.972831694064253
IFBIND,0.7305799910541191
IFCI,-4.16666666666666
IFGLEXPOR,-3.652556225691894
IGARASHI,-1.2414897877453035
IGCL,-2.993923225137092
IGIL,-1.3946538269965096
IGL,-2.5958110516934028
IGPL,-0.32323232323232015
IIFL,-3.266821345707661
IIFLCAPS,-3.7015615962984416
IITL,0.794031076733518
IKIO,-3.4885974546159355
IKS,-1.9595035924232527
IMAGICAA,-2.2966507177033546
IMFA,-1.1516828854566437
IMPAL,2.4933129537638647
INCREDIBLE,-0.6578947368420912
INDBANK,-2.341227125941866
INDGN,-0.18939393939393462
INDHOTEL,-1.637346736729876
INDIACEM,-6.032229965156792
INDIAGLYCO,-4.230995875073656
INDIAMART,-0.7868318712128104
INDIANB,-2.2637301366043996
INDIANCARD,-2.1755472031837346
INDIANHUME,0.2687088539567379
INDIASHLTR,-0.5251697194825186
INDIGO,-4.1658178855163985
INDIGOPNTS,-4.206675811614083
INDIQUBE,-1.5391036677622938
INDNIPPON,-3.881386985139448
INDOAMIN,-3.9668998464425913
INDOBORAX,-0.6924643584521338
INDOCO,-2.4801817254647416
INDOFARM,-2.09048361934477
INDORAMA,0.5870841487279719
INDOSTAR,-0.17468422467078132
INDOTECH,-5.78544061302682
INDOTHAI,-4.149778035128353
INDOUS,4.929451687801389
INDOWIND,-0.07132667617688865
INDRAMEDCO,-4.522613065326639
INDSWFTLAB,2.601778193729529
INDTERRAIN,1.5673981191222572
INDUSINDBK,-1.1080946312815114
INDUSTOWER,-1.4432251908396974
INFIBEAM,3.259452411994785
INFOBEAN,-7.9751858268596685
INFOMEDIA,-1.5817223198594152
INFRABEES,-1.7550589814903526
INFRAIETF,-1.67041439126245
INFY,0.4388337841899582
INGERRAND,0.6073003899507767
INNOVACAP,3.645674105778035
INNOVANA,0.11425307055126456
INOXGREEN,-8.585422068568139
INOXINDIA,-1.6707087038534008
INOXWIND,-3.1153522312657858
INSECTICID,-2.2917164000954844
INSPIRISYS,-1.2716049382716064
INTELLECT,-3.519029830545179
INTENTECH,4.6016483516483495
INTERARCH,-1.4781040184387215
INTERNET,-4.141566265060233
INTLCONV,-0.8385481852315415
INVENTURE,3.809523809523813
IOB,-1.92750287686995
IOC,-1.8987739704495503
IOLCP,-4.042789663795514
IONEXCHANG,-0.2710413694721794
IPCALAB,-1.5347334410339226
IPL,-3.8526507276507136
IRB,-1.0463378176382703
IRCON,-3.1424227065382717
IRCTC,-1.7571757970899369
IREDA,-1.9472023397213891
IRFC,-2.452572209878645
IRIS,-1.6545454545454585
IRISDOREME,-2.171176840780369
IRMENERGY,-3.2937806873977133
ISFT,-2.4121831925299997
ISGEC,-0.2571563916897851
ISHANCH,-2.3549488054607552
IT,-0.16627078384798166
ITADD,-0.07447864945382605
ITBEES,-0.2604783329386679
ITBETA,0.12547051442910914
ITC,-0.44635985839619685
ITCHOTELS,-1.4015151515151532
ITDC,-4.480030502335325
ITETF,-0.074571215510798
ITI,-3.801169590643279
ITIETF,-0.23702299123013587
IVALUE,-3.901087188232789
IVC,-0.521512385919166
IVP,-3.1708224786006634
IVZINGOLD,2.5121205511741724
IVZINNIFTY,-0.5873190429440291
IXIGO,-13.271146915412332
IZMO,-3.713325183374076
J&KBANK,-2.7920440750770465
JAGRAN,0.0746380056725054
JAGSNPHARM,-0.931808555696751
JAIBALAJI,-5.869659041864477
JAICORPLTD,-3.257270693512305
JAINREC,-1.1249182472204085
JAIPURKURT,-0.6062276109120939
JAMNAAUTO,-2.454758713136723
JARO,-4.6795235394214405
JASH,-3.7983238713165597
JAYAGROGN,-0.6792873051224938
JAYBARMARU,-4.057334412206687
JAYKAY,-4.362124596674113
JAYNECOIND,-3.336485208699175
JAYSREETEA,-1.958399221505899
JBCHEPHARM,-2.923853596970967
JBMA,-4.157985324757686
JGCHEM,-4.731812577065341
JHS,-3.211418376449609
JINDALPHOT,5.3216783216783154
JINDALPOLY,-3.903716637565472
JINDALSAW,-5.458027449728689
JINDALSTEL,-1.1524163568773318
JINDRILL,-3.057605674302691
JINDWORLD,-3.3225283630470024
JIOFIN,-3.6938309215537
JISLDVREQS,-3.0468750000000044
JISLJALEQS,-5.7613168724279875
JITFINFRA,-3.331927456769298
JKCEMENT,-0.5925127928898465
JKIL,-2.7637314734088965
JKIPL,-5.028219599794751
JKLAKSHMI,0.16392409053654478
JKPAPER,-1.73026417426231
JKTYRE,-2.3356401384083108
JLHL,-0.8553421368547316
JMA,5.437385547260177
JMFINANCIL,-2.300426569165151
JNKINDIA,-0.23682377524958947
JOCIL,-0.1197891710589408
JPOLYINVST,10.663401602849518
JPPOWER,-3.657740039190075
JSFB,-3.5649702919142365
JSL,-1.4532003434837175
JSLL,-1.5681196950079093
JSWCEMENT,-1.72093807997301
JSWENERGY,-2.9856809180461146
JSWHL,-3.2577079697498545
JSWINFRA,-3.4099472494347984
JSWSTEEL,-1.2158054711246278
JTEKTINDIA,-3.585392843969025
JTLIND,-1.3762659049597539
JUBLCPL,1.1834933817804285
JUBLFOOD,-1.6766467065868218
JUBLINGREA,-2.985187998480817
JUBLPHARMA,-1.2293388429752041
JUNIORBEES,-1.9478466465971205
JUNIPER,-4.376886589047006
JUSTDIAL,-6.314489173085313
JWL,-3.739502456029159
JYOTHYLAB,0.34219001610305727
JYOTICNC,-3.760889155902668
JYOTISTRUC,1.2290502793296225
KABRAEXTRU,-6.637089618456081
KAJARIACER,-5.973829894313036
KAKATCEM,-2.146151117417525
KALAMANDIR,-0.9076119530781764
KALPATARU,-2.969864609113405
KALYANIFRG,1.3765464366614353
KALYANKJIL,-1.6999063043769302
KAMATHOTEL,-1.8524739645822401
KAMDHENU,-3.9197812215132313
KAMOPAINTS,2.9462738301559934
KANANIIND,-1.2987012987012998
KANORICHEM,-1.6080402010050316
KANPRPLA,-2.247501242476113
KANSAINER,-0.10557803976771982
KAPSTON,4.790495656617272
KARMAENG,-2.6142193989738582
KARURVYSYA,0.7016878437322295
KAUSHALYA,0.598731400794351
KAVDEFENCE,4.9974928965402015
KAYA,-3.3756378385450683
KAYNES,-4.19596280335677
KCP,0.053789146545543516
KCPSUGIND,-1.9889970376639816
KDDL,-2.843645369903224
KEC,-3.4149680559780857
KECL,-3.495194108101357
KEEPLEARN,0.44642857142856185
KEI,-1.0705747843259608
KELLTONTEC,-3.703703703703704
KERNEX,-6.050614129090748
KEYFINSERV,-3.94985402713378
KFINTECH,-1.4320270924044465
KHADIM,2.3351906341952158
KHAICHEM,-5.178423236514519
KHAITANLTD,-2.022662289526645
KHANDSE,-5.302651325662826
KICL,0.6737002669378456
KILITCH,-1.2705882352941213
KIMS,-2.60185727432443
KINGFA,-4.564629001975086
KIOCL,-3.176185728528709
KIRIINDUS,-5.409039197435097
KIRLOSBROS,-1.4088233348766572
KIRLOSENG,-1.6979606504357079
KIRLOSIND,3.569536423841066
KIRLPNU,-4.112048841802833
KITEX,8.332781785690651
KKCL,-1.9834887959686929
KMEW,-7.391788203596325
KMSUGAR,-1.397205588822361
KNAGRI,1.8080916577157184
KNRCON,-5.200028222676904
KOHINOOR,0.0
KOKUYOCMLN,-2.9508970727101036
KOLTEPATIL,-4.783538214858359
KOPRAN,-3.9056202828460562
KOTAKBANK,-0.7511737089201851
KOTARISUG,-1.8152480839047975
KOTHARIPET,-0.008573388203022218
KOTHARIPRO,-2.4838330393886126
KPEL,-1.6770082173402652
KPIGREEN,-5.5293168989747725
KPIL,0.2715423606082549
KPITTECH,0.4778218535881676
KPRMILL,-1.2677366829495207
KRBL,-3.5873109991105907
KREBSBIO,-1.724137931034474
KRIDHANINF,0.8522727272727216
KRISHANA,-1.0012259910093948
KRISHIVAL,-4.336848358829635
KRISHNADEF,0.402350574408381
KRITI,-2.3834063385725437
KRITIKA,0.7396449704141985
KRITINUT,-1.7628425836661632
KRN,-2.4545380412623263
KRONOX,0.28221254636349663
KROSS,-4.177196372825929
KRSNAA,0.781470008448318
KRYSTAL,-0.1326919887211734
KSB,-1.5824581322736273
KSCL,-1.9986835018849778
KSHINTL,-3.6853002070393437
KSHITIJPOL,-1.8604651162790715
KSL,-2.7982757360999453
KSOLVES,-1.818502824858749
KTKBANK,-1.8849315068493138
KUANTUM,3.024310806095143
LAGNAM,-0.5768063145112257
LAL,7.547169811320761
LALPATHLAB,-2.926863671627054
LAMBODHARA,-1.226933647428347
LANDMARK,-3.2396511144953593
LAOPALA,-0.7477310231023044
LASA,-3.927813163481945
LATENTVIEW,-3.4130113356333225
LAURUSLABS,1.0538874527739135
LAXMICOT,-4.172461752433946
LAXMIDENTL,-5.116491548652361
LAXMIINDIA,-4.5779685264663845
LEMERITE,0.2506811989100768
LEMONTREE,-4.016406129082184
LENSKART,-3.7898558947010073
LEXUS,-0.7843137254901933
LFIC,-2.7263339070568042
LGBBROSLTD,-0.8198131055437685
LGEINDIA,1.6040063869937682
LGHL,-4.600570613409408
LIBAS,0.9980039920159646
LIBERTSHOE,-1.9679144385026714
LICHSGFIN,-2.059562947205576
LICI,-2.0566337117051035
LICMFGOLD,2.287080954766694
LICNETFGSC,-0.10449320794148775
LICNETFN50,-0.8257726112843922
LICNETFSEN,-0.544202937828619
LICNFNHGP,-1.4717355840839896
LICNMID100,-1.309441764300479
LIKHITHA,-2.642388572129239
LINC,-2.5533501071661626
LINCOLN,-1.5748886716628652
LINDEINDIA,-1.9727493103736522
LIQGRWBEES,0.05073071744941385
LIQUID,0.0
LIQUID1,0.054225449198120085
LIQUIDADD,0.05314405642276711
LIQUIDBEES,0.0010000100000990915
LIQUIDBETF,0.0553387859233059
LIQUIDCASE,0.062277580071168306
LIQUIDETF,0.0
LIQUIDIETF,0.0
LIQUIDPLUS,0.05516493380207178
LIQUIDSBI,0.0
LIQUIDSHRI,0.05234207843964925
LLOYDSENGG,-6.646460272786318
LLOYDSENT,-4.620104674246518
LLOYDSME,-3.1768075687874244
LMW,-0.05632612828275716
LODHA,-4.780539397144373
LOKESHMACH,-5.931378513201119
LORDSCHLO,-2.4633960169315183
LOTUSDEV,6.494413407821238
LOTUSEYE,4.984102431898253
LOVABLE,-0.22321428571430074
LOWVOL,-0.6163182098326513
LOWVOL1,-0.41860465116279005
LOWVOLIETF,-0.751215201060531
LOYALTEX,-0.015054195102369097
LPDC,-0.924499229583983
LT,-1.3179397965100952
LTF,0.2436477549599682
LTFOODS,-1.1149228130360302
LTGILTBEES,-0.1369863013698601
LTGILTCASE,-0.06724949562878135
LTIM,-0.8996132503783419
LTTS,-1.1207296336373473
LUMAXIND,-6.74519279170442
LUMAXTECH,-0.7635787350525959
LUPIN,-1.201923076923077
LUXIND,-1.3895015438905942
LXCHEM,-3.4413096482061976
LYKALABS,-2.5716189207195104
LYPSAGEMS,-0.6072874493927175
M&M,-0.8478607605562787
M&MFIN,0.05548619780829203
MACPOWER,-2.780686445607909
MADHAV,3.0609379387812505
MADHUCON,0.7952286282306169
MADRASFERT,-2.4468085106383026
MAFANG,0.623880412625869
MAGADSUGAR,-3.6222071767095487
MAGNUM,-4.089396100808366
MAHABANK,-0.24319805441558104
MAHAPEXLTD,-1.986754966887419
MAHEPC,-2.092575541977065
MAHESHWARI,-0.8632439800090924
MAHKTECH,1.915852742299016
MAHLIFE,-1.2024048096192352
MAHLOG,-0.37748798901851954
MAHSCOOTER,-1.7474126293685315
MAHSEAMLES,-1.738962419089932
MAITHANALL,-3.395853899308981
MAKEINDIA,-1.0290237467018486
MALLCOM,-1.5239341810022395
MALUPAPER,-2.9055690072639253
MAMATA,-2.6312444387949716
MANAKCOAT,-1.819167053723493
MANAKSIA,-2.8158631873802102
MANAKSTEEL,-2.9100529100529067
MANALIPETC,-3.8191316879841426
MANAPPURAM,-1.8154563624250462
MANBA,-1.8342442165156765
MANCREDIT,0.9470361276745028
MANGLMCEM,-1.0222489476849037
MANINDS,-3.491770496846646
MANINFRA,-1.6700877029296568
MANKIND,-1.8351187703772749
MANORAMA,1.5988101877672474
MANORG,-0.6679283090281644
MANUFGBEES,-0.895901584542357
MANUGRAPH,-2.1653543307086616
MANYAVAR,-0.38038449676159614
MAPMYINDIA,-3.0089153046062407
MARALOVER,-4.62962962962964
MARATHON,-1.6556291390728477
MARICO,-1.4366478217492458
MARINE,-6.416730705895267
MARKOLINES,-2.508385591366485
MARKSANS,-3.8457008244994118
MARUTI,-1.8775769108785285
MASFIN,-1.5810920945395348
MASPTOP50,1.3936291240045564
MASTEK,-4.902889625769777
MASTERTR,-3.92781316348196
MATRIMONY,-0.289753270699814
MAWANASUG,-2.956457199406235
MAXESTATES,-2.891874600127962
MAXHEALTH,-0.740889066880254
MAXIND,-1.1942623482832502
MAYURUNIQ,2.4652209492635047
MAZDA,-0.541175269311279
MAZDOCK,-2.8366399324609466
MBAPL,-0.6932619800535205
MBEL,-5.924058610367106
MBLINFRA,-3.8141993957703986
MCLEODRUSS,-2.159669983013833
MCLOUD,1.3446884805020203
MCX,-1.382886776145203
MEDANTA,-3.2318677189026763
MEDIASSIST,-0.6148025537952154
MEDICAMEQ,-3.9950745656040407
MEDICO,7.949705941999582
MEDPLUS,-1.7112435036126254
MEESHO,0.5075243434641568
MEIL,-4.761136216914138
MENONBE,-2.1810600593376623
METAL,-0.7745266781411347
METALIETF,-0.6896551724137937
METROBRAND,-0.9504412763068524
METROPOLIS,-3.81371664987004
MFML,1.9197207678882973
MFSL,-1.7632241813602043
MGEL,-3.6191974822974102
MGL,-3.5032703162798953
MHLXMIRU,0.33144663709141664
MHRIL,-1.731160896130354
MICEL,-4.383253722955892
MID150,-1.5207373271889324
MID150BEES,-1.6628154591998623
MID150CASE,-1.6853932584269637
MIDCAP,-1.5838436175223725
MIDCAPADD,-1.3139371187235926
MIDCAPBETA,-1.1583011583011626
MIDCAPETF,-1.6062413951353736
MIDCAPIETF,-1.543349977303676
MIDHANI,-3.652834599649328
MIDQ50ADD,-1.3795423956931365
MIDSELIETF,-2.0751542344363294
MIDSMALL,-1.3223498807717309
MIDWESTLTD,-4.828414808139968
MINDACORP,-3.834912762377111
MINDTECK,1.2744346492909144
MIRCELECTR,-1.6655989750160143
MIRZAINT,-2.2563176895306856
MITCON,-1.9207048458149838
MITTAL,-3.7735849056603805
MKPL,0.0
MMFL,-4.202531645569626
MMP,-0.2236681577877232
MMTC,-1.694132142307113
MNC,-0.7108239095314988
MOALPHA50,-1.1200995644057232
MOBIKWIK,-5.315535141859234
MOCAPITAL,-1.720383275261322
MODEFENCE,-1.8791627021883899
MODINATUR,-1.1776679267228716
MODIRUBBER,-0.8024158757549671
MODIS,-2.3325453112687087
MODISONLTD,-1.299820943033344
MODTHREAD,-7.465437788018438
MOENERGY,-1.6868896123113357
MOGOLD,3.6066689350119168
MOGSEC,0.09534403305260174
MOHEALTH,-1.179245283018868
MOHITIND,-0.6090133982947568
MOIL,-2.262376964889098
MOINFRA,-2.439874520738943
MOIPO,-2.928870292887041
MOKSH,-2.8005464480874327
MOL,-2.7559741845456105
MOLDTECH,-3.6332565569507502
MOLDTKPAC,-0.7653520619484964
MOLOWVOL,-0.6286013619696228
MOM100,-1.8030955800223434
MOM30IETF,-1.318752010292699
MOM50,-0.8558712769599454
MOMENTUM,-1.1966364812419177
MOMENTUM30,-1.244269810085131
MOMENTUM50,-1.2064873417721507
MOMGF,-0.2227021190444139
MOMIDMTM,-1.6240157480314994
MOMNC,-0.7304116865869934
MOMOMENTUM,-1.2457531143827911
MON100,0.9077797573597973
MON50EQUAL,-1.2132241431604447
MONARCH,-2.433551950293411
MONEXT50,-1.3897190675433455
MONEYBOXX,-1.890565351754225
MONIFTY100,-1.1542901115813666
MONIFTY500,-1.1484474691620719
MONQ50,0.23237017579307914
MONTECARLO,-2.2033607681755867
MOPSE,-1.621402513173904
MOQUALITY,-0.5992889791772508
MOREALTY,-3.380102040816334
MOREPENLAB,-3.7193575655114124
MOSCHIP,-4.5895354082093
MOSERVICE,-0.8464328899637278
MOSILVER,6.944396147025082
MOSMALL250,-1.849489795918362
MOTHERSON,-2.6318153238120834
MOTILALOFS,-2.946497803049878
MOTISONS,-2.8119507908611623
MOTOGENFIN,-2.6614310645724384
MOTOUR,-2.4327784891165067
MOVALUE,-1.0558583106266985
MPHASIS,-2.0390733425856635
MPSLTD,-1.6673044333898213
MRF,-3.373748023194518
MRPL,0.7194244604316635
MSCIADD,-1.2730318257956534
MSCIINDIA,-0.8327781479013991
MSPL,-4.782464297575549
MSTCLTD,-1.5341400172860895
MSUMI,-2.162531299795135
MTARTECH,-2.2560677634793977
MTNL,-4.84828496042216
MUFIN,-3.8122916488588716
MUFTI,-2.7464008859357745
MUKANDLTD,1.0794330916282153
MUKKA,6.650717703349285
MUKTAARTS,-1.7264725795531417
MULTICAP,-1.5084852294154631
MUNJALAU,-1.9569471624266224
MUNJALSHOW,-1.635694099511858
MURUDCERA,-2.5962125839951176
MUTHOOTCAP,-0.7214691735898459
MUTHOOTFIN,-1.5303348092907612
MUTHOOTMF,-1.8408941485864634
MVGJL,-1.4848859819692477
MWL,-0.8454758050008871
NAGAFERT,-0.6396588486140777
NAGREEKCAP,0.7724990343762043
NAGREEKEXP,-1.2633241215949338
NAHARCAP,-1.5465040296231807
NAHARINDUS,-3.9633518632900913
NAHARPOLY,-0.5717183825902442
NAHARSPING,-0.23163042079525498
NAM-INDIA,-2.2307920498368383
NARMADA,-1.758014477766293
NATCAPSUQ,-1.066148318313013
NATCOPHARM,-0.3354297693920281
NATHBIOGEN,-3.122230554229998
NATIONALUM,1.6593527153044307
NAUKRI,-1.4096248579007131
NAVA,-3.5000000000000004
NAVINFLUOR,0.025348542458808618
NAVKARCORP,-2.356125927411264
NAVNETEDUL,-2.114887973755846
NAZARA,-2.83216783216784
NBCC,-3.6481556546412732
NBIFIN,0.6648562599494249
NCC,-3.0423189991112443
NCLIND,-1.0879324003168747
NDGL,-0.1937984496124031
NDL,-1.3986013986014
NDLVENTURE,-0.6366630076838621
NDRAUTO,-2.6218851570964214
NDTV,-4.71044285210853
NECCLTD,0.8274984086569002
NELCAST,-3.0444203683640327
NELCO,-3.512596899224806
NEOGEN,-5.699525039580024
NEPHROPLUS,2.4682651622002822
NESCO,-3.033898305084742
NESTLEIND,-0.934150076569682
NETF,-0.5708013172338098
NETWEB,-1.3084171654144885
NETWORK18,-4.506156667539949
NEULANDLAB,-2.350773765659543
NEWGEN,-3.7245527452189973
NEXT30ADD,-1.046598554697238
NEXT50,-2.064646173781574
NEXT50ADD,-1.5578635014836961
NEXT50BETA,-1.1479944674965399
NEXT50ETF,-1.6632322637621364
NEXT50IETF,-1.886261261261266
NEXTMEDIA,4.7531992687385864
NFL,-1.688555347091943
NGIL,1.8712574850299404
NGLFINE,-3.7697787303788663
NH,-1.6109953247338427
NHPC,-2.8405422853453874
NIACL,-2.102389078498302
NIBE,-5.182926829268305
NIBL,4.853387259858435
NIF100BEES,-1.2964658487456584
NIF100IETF,-1.2504341785342112
NIFTY1,-0.8286995515695075
NIFTY100EW,-0.06013229104027668
NIFTYADD,-0.7555152614082804
NIFTYBEES,-0.9420466836467634
NIFTYBETA,-0.8787976613221584
NIFTYBETF,-0.7351803126450925
NIFTYCASE,-0.9920634920634885
NIFTYETF,-0.903239961968833
NIFTYIETF,-0.9015645828948267
NIFTYQLITY,-0.5930656934306685
NIITLTD,-3.4095362508164593
NIITMTS,-3.892565200467107
NILAINFRA,2.3014959723820607
NILASPACES,-1.135557132718241
NILKAMAL,0.2457712881306826
NINSYS,-3.1951640759930817
NIPPOBATRY,-0.8582089552238779
NIRAJ,-4.372397382510408
NIRAJISPAT,-2.821683643601448
NITCO,-6.8084614495434055
NITINSPIN,1.4698833679501593
NITIRAJ,0.7302162345748852
NIVABUPA,-0.5553403073744114
NKIND,7.485029940119772
NLCINDIA,-0.7231820008035401
NMDC,-2.390387319442675
NOCIL,-3.4194471642690516
NOIDATOLL,4.788732394366209
NORTHARC,-1.144941669375525
NOVAAGRI,-2.284710017574696
NPBET,-0.4927794127712184
NPST,-3.511256895780538
NRAIL,-4.3661650706794415
NRBBEARING,-1.3141426783479255
NRL,-3.1632460930144974
NSIL,-2.51819626871915
NSLNISP,-2.1018793273986014
NTPC,-1.6790772375529273
NTPCGREEN,-0.9542612701546611
NUCLEUS,-2.1222784253353812
NURECA,-3.011011699931177
NUVAMA,-3.6651485577965772
NUVOCO,0.01429388221841377
NV20,-0.6491398896462187
NV20BEES,-0.36328251702886943
NV20IETF,-0.3989361702127575
NYKAA,-1.9837126748799332
OAL,-2.394981942596469
OBCL,1.6023306627822205
OBEROIRLTY,-1.7767869206863907
OCCLLTD,-2.0907425369113177
ODIGMA,0.32085561497326154
OFSS,0.74711915917437
OIL,-0.17184098980410129
OILCOUNTUB,0.9565217391304299
OILIETF,-1.551724137931032
OLAELEC,-3.0937215650591434
OLECTRA,-3.0760188087774276
OMAXAUTO,0.01075153209331352
OMAXE,1.7910447761193937
OMFREIGHT,-3.1110639201529056
OMINFRAL,-2.76420673695038
ONEPOINT,-1.6743648960738982
ONESOURCE,-7.365970380909259
ONGC,0.5983361337650128
ONMOBILE,-3.855990556757822
ONWARDTEC,-3.459875060067261
OPTIEMUS,-6.633398247322297
ORBTEXP,-3.060579959804773
ORCHASP,-2.564102564102558
ORCHPHARMA,-2.3684583746986307
ORIENTALTL,-2.8683181225554075
ORIENTBELL,4.561003420752565
ORIENTCEM,-4.916462063596628
ORIENTCER,-0.024277737314877423
ORIENTELEC,4.621971963164992
ORIENTHOT,-3.9644242596272097
ORIENTLTD,-3.460514640638869
ORIENTPPR,-2.7996070726915536
ORIENTTECH,-3.629389200354074
ORISSAMINE,-2.5664115263394867
ORKLAINDIA,-1.754094272175587
OSIAHYPER,0.9893992932862106
OSWALAGRO,-1.3279678068410536
OSWALGREEN,-4.552075746540423
OSWALPUMPS,-5.848366937861104
OSWALSEEDS,-0.5046863734679057
PACEDIGITK,-1.5360520450575166
PAGEIND,0.015209125475285171
PAISALO,-0.06121824303643442
PAKKA,-3.3643444396365205
PALASHSECU,0.14419610670511954
PALREDTEC,-2.6364846870838745
PANACEABIO,-1.2342330123423177
PANACHE,-4.4855888528345105
PANAMAPET,-0.34825004353125544
PAR,-1.3788575180564577
PARACABLES,-3.6229659195578745
PARADEEP,-3.8372699500782397
PARAGMILK,-3.4782608695652093
PARAS,-3.8879888914603
PARASPETRO,1.2345679012345552
PARKHOSPS,-0.9326819364253709
PARKHOTELS,-3.0208333333333304
PARSVNATH,-1.4460511679644135
PASHUPATI,-5.1803482587064655
PASUPTAC,-3.4076015727391926
PATANJALI,0.09784735812133072
PATELENG,-4.758667573079545
PATELRMART,0.7829107689116974
PATINTLOG,-1.4492753623188384
PAUSHAKLTD,-1.9695696816951282
PAVNAIND,4.355716878402896
PAYTM,-9.654898849662835
PCBL,-4.785033279366797
PCJEWELLER,0.28142589118198275
PDMJEPAPER,-1.7456359102244376
PDSL,-0.06423638991490138
PEARLPOLY,1.1380504700643268
PENIND,-2.6525690966425475
PENINLAND,-2.9454369869628167
PERSISTENT,-2.618463729135353
PETRONET,1.1088892928558485
PFC,-1.6588977241568443
PFIZER,-2.8010077699913234
PFOCUS,-5.884389061959153
PFS,-2.7370478983382203
PGEL,-3.780165912518845
PGHH,-0.799673602611179
PGHL,-0.16652789342214822
PGIL,-3.5334953141270455
PHARMABEES,-0.8440693025322136
PHOENIXLTD,-2.3583305055989165
PICCADIL,-4.105338531307194
PIDILITIND,-0.33727973568281
PIGL,-2.072834458495775
PIIND,0.15770880645975272
PILANIINVS,-2.7001169341979376
PILITA,-4.787812840043521
PINELABS,-0.9772389905987153
PIONEEREMB,-3.256552819698174
PIRAMALFIN,-1.5476647823939311
PITTIENG,4.673301601038525
PIXTRANS,-0.10778350912311115
PKTEA,-1.255539143279173
PLASTIBLEN,-3.8356874433069947
PLATIND,-0.4939954007324745
PLAZACABLE,-3.1343690378849787
PNB,-4.002876318312553
PNBGILTS,-3.841356946869559
PNBHOUSING,-5.562336530078468
PNC,0.568430257979882
PNCINFRA,-3.930712858094601
PNGJL,-1.4929328621908207
POCL,-2.657882780554287
PODDARMENT,1.9611807521229252
POKARNA,-3.758093585207927
POLICYBZR,-2.37373148256152
POLYCAB,-3.957708244034862
POLYMED,-1.1808576755748912
POLYPLEX,-1.6535807756364473
PONNIERODE,-0.3188895141624546
POONAWALLA,-7.438016528925623
POWERGRID,-1.967213114754096
POWERINDIA,-2.0537781207336616
POWERMECH,-5.296408892266758
PPAP,-2.370136282836268
PPL,-2.2840468883634455
PPLPHARMA,-3.2523961661341874
PRABHA,-0.9045945594168856
PRAJIND,-3.6036036036035926
PRAKASH,-3.426253560024164
PRAXIS,-4.820766378244742
PRECAM,-2.0178558467010244
PRECOT,1.3934426229508197
PRECWIRE,-2.717022143730471
PREMEXPLN,-3.7589376915219566
PREMIERENE,-7.657992565055759
PREMIERPOL,-3.8405343352118484
PRESTIGE,-2.375931393223672
PRICOLLTD,-3.3571547282699092
PRIMESECU,0.1132716632055709
PRIMO,-2.835890283589042
PRINCEPIPE,-2.9188078108941395
PRITI,0.27327737653718637
PRITIKAUTO,0.07604562737642423
PRIVISCL,0.2545655783065889
PROSTARM,-3.0527350147395977
PROTEAN,-4.975046787273875
PRSMJOHNSN,-3.0175891560432424
PRUDENT,-1.5836415053295667
PRUDMOULI,-1.0396039603960439
PSB,-3.2350826743350054
PSPPROJECT,-6.00463467829881
PSUBANK,-2.438970163190887
PSUBANKADD,-2.1455430214554276
PSUBNKBEES,-2.5047400459035933
PSUBNKIETF,-2.0493609519612157
PTC,0.22906592008145435
PTCIL,-1.8586108147565839
PTL,-0.7857517024620145
PUNJABCHEM,0.8783442705704235
PURVA,-2.770888565808611
PVRINOX,-2.7574681428869834
PVSL,-3.1275203871314714
PVTBANIETF,-1.2618296529968434
PVTBANKADD,-1.1494252873563282
PWL,-4.564315352697103
PYRAMID,-1.6586585927729942
QGOLDHALF,3.1783070485999265
QNIFTY,-0.7545109778274401
QPOWER,-10.263335584064833
QUADFUTURE,-4.526212959947911
QUAL30IETF,-0.18475750577366812
QUALITY30,0.1410437235543072
QUESS,-2.3992418196328824
QUICKHEAL,-3.940763052208833
RACE,-1.379181809710189
RACLGEAR,-3.0535894843276083
RADAAN,-2.2082018927444746
RADHIKAJWE,-0.7156147130385
RADIANTCMS,-1.1803278688524572
RADICO,-0.830320074996658
RADIOCITY,0.8264462809917326
RAILTEL,-2.350490925319855
RAIN,-3.561447509853098
RAINBOW,0.9021276595744603
RAJMET,-0.7334963325183435
RAJOOENG,-3.43848108835401
RAJRATAN,-3.7217170649185802
RAJSREESUG,-4.012841091492777
RAJTV,0.8335376317725016
RALLIS,-0.8127077946065714
RAMANEWS,-0.9721322099805597
RAMAPHO,-4.489252425337653
RAMASTEEL,-2.1223470661672903
RAMCOCEM,-2.5494180676149925
RAMCOIND,3.8593481989708405
RAMCOSYS,-6.905982905982909
RAMKY,2.205657102011643
RAMRAT,-2.3181589114731995
RANASUG,-1.0978956999085017
RANEHOLDIN,-2.5292443882390137
RATEGAIN,-4.85767326732673
RATNAMANI,1.2204962679039766
RATNAVEER,-1.0732684602175158
RAYMOND,-3.0676455165180885
RAYMONDLSL,-1.3752030319436974
RAYMONDREL,-2.5613786591123753
RBA,-0.6977826019537737
RBLBANK,-2.5658338960161937
RBZJEWEL,-3.818051575931221
RCF,-2.1219754217235334
RECLTD,-1.3244128891316127
REDINGTON,-3.3538936006168036
REDTAPE,-3.6750150615371338
REFEX,-4.807692307692308
REGAAL,-5.14131088394467
REGENCERAM,1.0950503723171265
RELAXO,-2.0134228187919523
RELCHEMQ,-2.5143395929912806
RELIANCE,-1.169340463458117
RELIGARE,-3.8568089342914016
RELTD,-1.8481621435932651
REMSONSIND,-4.198784800943136
RENUKA,-3.029028186790067
REPCOHOME,1.3470580759944113
REPL,3.6245455546986958
REPRO,-0.46481601032924763
RESPONIND,-4.465067413762917
RETAIL,1.1149557862360597
RGL,-4.696956011200423
RHETAN,-2.152133580705003
RHIM,-3.2015718908922843
RHL,-5.390202610452735
RICOAUTO,-5.922069470430326
RIIL,-1.4882006944936574
RISHABH,-3.6523747654107215
RITCO,-2.829608365798649
RITES,-1.6926965784959829
RKDL,-1.5570065293822135
RKEC,-3.2832027112899898
RKFORGE,-0.4873294346978557
RKSWAMY,1.1054989040312557
RMDRIP,2.076369897700797
RML,-3.713821138211376
RNBDENIMS,-5.411284840244737
ROHLTD,-2.9399642808078004
ROLEXRINGS,-1.4626129827444545
ROML,-0.13333333333333838
ROSSARI,0.44243622328909404
ROSSELLIND,-2.5797691785471843
ROSSTECH,-4.65902975320982
ROTO,-2.0269119400442817
ROUTE,-2.8400356015858996
RPEL,-3.7085817274365733
RPGLIFE,-3.63234365129501
RPOWER,-5.672339005672336
RPPINFRA,-1.347138721888214
RPPL,-1.7899761336515556
RPSGVENT,3.4374772412788612
RPTECH,-4.318889832908524
RRKABEL,-5.130904751877598
RSSOFTWARE,-2.2761380690345088
RSWM,-3.2282058911038405
RSYSTEMS,-4.059685441591602
RTNINDIA,-5.588993981083413
RTNPOWER,-2.6666666666666745
RUBFILA,-0.5687973997833176
RUBICON,-2.189286789046053
RUBYMILLS,-2.279114926669737
RUCHINFRA,-0.8445945945945915
RUCHIRA,-2.589270604163143
RUDRA,-5.163897620116742
RUPA,-1.7313471841108101
RUSHIL,-2.393746946751336
RUSTOMJEE,-3.024131962121988
RVHL,-0.8467023172905583
RVNL,-1.1702127659574537
RVTH,-0.6571908910285733
S&SPOWER,-4.639082930324195
SAATVIKGL,-0.2609173304037477
SADBHIN,-2.0467836257309897
SADHNANIQ,-7.729468599033809
SAFARI,1.102040816326526
SAGARDEEP,3.1275385865150267
SAGCEM,-2.2141770292250373
SAGILITY,-1.4302059496567507
SAHYADRI,-1.6138917262512722
SAIL,-1.7276623804813744
SAILIFE,-3.7588523697112715
SAKAR,-4.992657856093988
SAKHTISUG,-2.3796033994334174
SAKSOFT,-2.742996913400505
SAKUMA,0.5128205128205132
SALASAR,-2.1711366538952737
SALONA,-0.3193527783691718
SALZERELEC,-3.5170092133238877
SAMBHV,-0.4502424382359738
SAMHI,1.7359101955792156
SAMMAANCAP,-0.7573051368150334
SAMPANN,-0.16103059581320678
SANATHAN,2.6962538773562286
SANDESH,-2.160224740869898
SANDHAR,-5.77051050480084
SANDUMA,-4.568693065625574
SANGAMIND,-1.6063322081247895
SANGHIIND,-5.79800498753117
SANGHVIMOV,-5.661976606204438
SANGINITA,2.1602160216021624
SANOFI,0.258920425122679
SANOFICONR,-1.1343254641524112
SANSERA,-2.0521287887722583
SANSTAR,-1.4572917774704865
SAPPHIRE,-4.592363261093914
SARDAEN,-0.8224738303781293
SAREGAMA,1.0292114424095586
SARLAPOLY,-4.005308239835936
SARVESHWAR,-0.7518796992481265
SASKEN,-3.9765269091189874
SASTASUNDR,0.9937678962438903
SATIA,-7.374631268436578
SATIN,1.392961876832847
SAURASHCEM,-2.8309628008752834
SBC,1.816312542837564
SBCL,-1.4960816908097867
SBFC,-1.4893617021276655
SBGLP,-0.20588235294117732
SBIBPB,-2.0302624018387325
SBICARD,-2.3507793689012884
SBIETFCON,-1.1780321884851515
SBIETFIT,-0.030875192969954984
SBIETFPB,-0.7025353876117213
SBIETFQLTY,-3.4432858054905195
SBILIFE,-0.9594460929772548
SBILIQETF,0.05665334987349964
SBIN,-1.7980636237897565
SBINEQWETF,-1.0599636583888594
SBISILVER,5.516493511036479
SCHAEFFLER,1.421880696637414
SCHAND,-3.175911251980977
SCHNEIDER,-2.585099550417455
SCI,-2.747782491322787
SCILAL,-1.5978695073235658
SCODATUBES,-6.8299978634000444
SCPL,-1.5818656229615207
SDBL,-2.165397170837877
SDL26BEES,-0.00735564545788224
SEAMECLTD,0.32807235325412715
SECMARK,-1.5113104524180938
SELECTIPO,-2.9610631848915903
SEMAC,3.269537480063791
SENCO,-1.8768046198267454
SENORES,-4.313070452782912
SENSEXADD,-1.0055601561575704
SENSEXBETA,-0.8884969409689627
SENSEXETF,-0.9597156398104292
SENSEXIETF,-0.9679852942739063
SEPC,-3.444034440344417
SERVOTECH,-5.583756345177659
SESHAPAPER,-3.0112044817927153
SETCO,5.00000000000001
SETF10GILT,-0.2312138728323787
SETFGOLD,2.2389800202130106
SETFNIF50,-0.8675748514047412
SETFNIFBK,-1.1158245712493586
SETFNN50,-1.3090898973317495
SETL,-3.0950861518825747
SFL,-4.572692910482173
SGFIN,-0.896742713965443
SGIL,2.5235329461245675
SGL,-3.8077969174977326
SGMART,6.154079927062757
SHAH,-0.4065040650406418
SHAHALLOYS,2.3910907304290876
SHAILY,-4.746787603930463
SHAKTIPUMP,-2.204025407515111
SHALBY,-4.064519885867345
SHALPAINTS,-7.9347993233892105
SHANKARA,-1.0556348074179738
SHANTI,-3.201024327784891
SHANTIGEAR,-5.0427260259521
SHANTIGOLD,-7.052738434765797
SHARDACROP,-3.4600419036216676
SHARDAMOTR,-0.24936175265689284
SHAREINDIA,-1.616468637745236
SHARIABEES,-0.07915210718353022
SHEKHAWATI,2.40963855421687
SHEMAROO,-0.6811019619802803
SHILCTECH,-2.741977906365074
SHILPAMED,-1.147723065531293
SHIVALIK,-1.927860696517427
SHIVAMAUTO,-4.249011857707508
SHIVAMILLS,1.8679245283018904
SHIVATEX,1.565774873628401
SHK,-3.98384925975773
SHOPERSTOP,0.9856500942165631
SHRADHA,-2.062111801242232
SHREDIGCEM,-3.2809906804544786
SHREECEM,-1.5676266861100983
SHREEJISPG,-6.113792599093179
SHREEPUSHK,-3.3134243458475634
SHREERAMA,-2.8131279303415937
SHREYANIND,0.3838080959520158
SHRINGARMS,-2.971982194291688
SHRIPISTON,-4.68071587419252
SHRIRAMFIN,-0.19393336648434067
SHRIRAMPPS,-4.32717678100264
SHYAMMETL,-3.0668740279937765
SHYAMTEL,4.166666666666666
SIEMENS,-0.9493887029574389
SIGACHI,-2.7813993915688853
SIGIND,1.1440677966101676
SIGMA,-1.4193792581377742
SIGNATURE,-2.762742444745151
SIGNPOST,1.9149562997152143
SIL,3.2212885154061683
SILGO,0.3530574777573789
SILINV,-2.3120741650843217
SILVER,6.61769825245422
SILVER1,8.191675911677338
SILVER360,8.594357632751185
SILVERADD,7.929961652557687
SILVERAG,7.343249180682099
SILVERBEES,5.957939696673558
SILVERBETA,4.858313900077733
SILVERBND,6.871485392950221
SILVERCASE,6.260632868322558
SILVERIETF,6.38925522315542
SILVERTUC,4.998191681735979
SIMPLEXINF,-7.86784264314713
SINCLAIR,-4.294705664568683
SINDHUTRAD,-4.273504273504258
SINTERCOM,-3.6719576719576708
SIRCA,-2.1799234368353892
SIS,-3.307773267177868
SIYSIL,-2.3318541721047557
SJS,-2.6876393361406903
SJVN,-2.289023717595142
SKFINDIA,-1.2176473919691906
SKFINDUS,1.306813826933391
SKIPPER,-5.2320675105485295
SKMEGGPROD,0.8141493542953493
SKYGOLD,-3.750997605746209
SMALL250,-1.9820971867007704
SMALLADD,-1.8542199488491107
SMALLCAP,-1.9240019240019173
SMARTLINK,1.6780764735348181
SMARTWORKS,0.1251991805144574
SMCGLOBAL,-2.801840822956136
SML100CASE,-1.8027571580063622
SMLMAH,1.4823607353834338
SMLT,-3.7522667038638553
SMSPHARMA,0.5124814018846128
SNOWMAN,-0.7528905619790297
SNXT30BEES,-0.4007012271474996
SNXT50BETA,-2.154006243496351
SOBHA,2.8354543424871554
SOFTTECH,-2.7013589658601185
SOLARA,-2.8916339135317113
SOLARINDS,-1.883574916673126
SOLARWORLD,-2.227622519238558
SOLEX,-1.724633515377982
SOMANYCERA,-1.236316806181587
SOMICONVEY,-3.1628595209470096
SONACOMS,-2.771264122788318
SONAMLTD,-2.121287746443727
SONATSOFTW,-1.67490827883235
SOTL,-3.7108834117972953
SOUTHBANK,-2.088772845953004
SPAL,-1.2429985421622072
SPANDANA,-1.6728624535315915
SPARC,-3.5584716325743058
SPCENET,-4.841713221601486
SPECIALITY,-2.6182906302599562
SPECTRUM,-1.3658699092196294
SPENCERS,-10.313390313390315
SPIC,-2.7856277755349312
SPLIL,1.8840044329515995
SPLPETRO,-3.8631134969325216
SPMLINFRA,-5.031953480338539
SPORTKING,-0.7803926350445074
SRD,-6.642961047357361
SREEL,-0.07491688907617952
SRF,-0.8114331664169111
SRGHFL,0.12910365178899516
SRHHYPOLTD,-2.580157616323003
SRM,-3.42757340901648
SSDL,-1.3858497447118934
SSWL,-3.906249999999991
STALLION,-3.429382124162218
STANLEY,0.3023388476896755
STAR,-7.905389775618786
STARCEMENT,-1.2540792540792531
STARHEALTH,-2.432587492828462
STARPAPER,-1.5110992243915424
STARTECK,-1.311475409836074
STCINDIA,-3.2211209842788877
STEELCAS,-2.5042535091450486
STEELCITY,0.4367843229843048
STEELXIND,-2.7027027027027106
STEL,-5.085524050051666
STERTOOLS,-4.209640075773521
STLNETWORK,-4.151530877010901
STLTECH,-5.272746758118103
STOVEKRAFT,-1.9188042819632396
STUDDS,-3.5280396539994228
STYL,0.14507772020725151
STYLAMIND,-1.3015873015872934
STYLEBAAZA,2.0588683849321336
STYRENIX,1.8023682280205435
SUBEXLTD,-4.550155118924504
SUBROS,-4.123777663407111
SUDARCOLOR,4.6565237436606655
SUDARSCHEM,-1.465997770345594
SUDEEPPHRM,3.5635155096011726
SUKHJITS,-3.7161782867407527
SULA,-0.20066889632106322
SUMEETINDS,-2.418772563176889
SUMICHEM,-4.687677779041977
SUMIT,-4.6961855472493825
SUMMITSEC,-3.481012658227848
SUNCLAY,-4.936854190585537
SUNDARAM,1.2820512820512833
SUNDARMFIN,-0.7400828892835998
SUNDRMBRAK,-3.922996036560705
SUNDRMFAST,-2.3487773487773462
SUNDROP,0.0721674284339741
SUNFLAG,-1.1570247933884343
SUNPHARMA,-0.1407416472891907
SUNTECK,-4.924778192104933
SUNTV,2.192624807465801
SUPERHOUSE,-2.9635365338589383
SUPERSPIN,-0.867410161090462
SUPRAJIT,-4.311736223195755
SUPREME,-5.329991645781127
SUPREMEIND,0.020069958139796378
SUPRIYA,-4.181720861769035
SURAJEST,-5.703422053231939
SURAJLTD,-4.693780524700702
SURAKSHA,-0.3616980772891638
SURANASOL,4.561251086012167
SURANAT&P,-4.49500554938956
SURYALAXMI,-1.5924136697083566
SURYAROSNI,-3.70069133794225
SURYODAY,-4.9004155323112215
SUTLEJTEX,-2.857142857142854
SUVEN,-2.7562196271850374
SUVIDHAA,0.6289308176100634
SUYOG,-1.9347903977069272
SUZLON,-2.7452649499893576
SVLL,0.0
SWANCORP,2.2443890274314215
SWARAJENG,-0.8208442969911988
SWELECTES,-3.758215310561873
SWIGGY,-2.669372463315645
SWSOLAR,-2.984839741908408
SYMPHONY,-0.5847953216374269
SYNCOMF,-2.4509803921568687
SYNGENE,-8.234897063786715
SYRMA,-0.3295633285896086
SYSTMTXC,-10.613001745200702
TAINWALCHM,0.4873466032528824
TAJGVK,-4.137560451370225
TALBROAUTO,-2.5321463897131578
TANLA,7.294222618782063
TARACHAND,0.9797157444459886
TARC,-3.703017959637104
TARIL,-3.905765654060752
TARMAT,-1.8218218218218292
TARSONS,-2.185765509111458
TASTYBITE,-2.29002303986595
TATACAP,-1.8006700167504157
TATACHEM,-2.2133899814979756
TATACOMM,0.7946249757736258
TATACONSUM,-1.8464942137508549
TATAELXSI,-0.9974377745241582
TATAGOLD,2.680412371134012
TATAINVEST,-2.597193095660594
TATAPOWER,-2.278516841211438
TATASTEEL,-0.7879428873611742
TATATECH,0.8280303611132374
TATSILV,5.334281650071124
TATVA,-9.158027018535982
TBOTEK,-1.1508425811755005
TBZ,-3.146853146853148
TCI,1.0289518813679055
TCIEXP,1.090834947497201
TCPLPACK,-2.549742078113479
TCS,0.38407821229049993
TDPOWERSYS,-1.1088230635197214
TEAMGTY,1.1233778810769066
TEAMLEASE,-2.409222697777155
TECH,-0.26570048309178607
TECHM,0.8118999644423265
TECHNOE,-2.456600065509335
TECILCHEM,-5.847953216374268
TEGA,0.9546953653879534
TEJASNET,-5.896007428040857
TEMBO,-1.5408998855331513
TENNIND,-2.9481467437671944
TEXINFRA,-0.06306495690561517
TEXMOPIPES,1.809545351730371
TEXRAIL,-1.875925621194669
TFCILTD,-3.984251968503939
TFL,-0.8571428571428517
TGBHOTELS,-3.0558482613277227
THANGAMAYL,-1.7864515951443776
THEINVEST,-0.9944348143417603
THEJO,-3.0977787456445918
THELEELA,0.6536753823384397
THEMISMED,-1.7628205128205212
THERMAX,0.42292748340954256
THOMASCOOK,-2.525570416994488
THOMASCOTT,-2.3121387283237103
THYROCARE,-3.8755458515283845
TI,-3.7385491458281668
TIGERLOGS,-3.2814053695724295
TIIL,-0.9928021841648051
TIINDIA,-3.3699059561128566
TIJARIA,0.5012531328320695
TIL,-4.405962297238046
TIMETECHNO,-1.5159257366717696
TIMKEN,-0.12853046831229908
TINNARUBR,-0.3032140691328078
TIPSFILMS,-3.069526627218946
TIPSMUSIC,-3.733602421796149
TIRUMALCHM,-4.312383636089163
TIRUPATIFL,-0.44104675095559714
TITAGARH,-1.1250785669390377
TITAN,0.07962972179366627
TMB,-2.523603635401033
TMCV,0.9665093279388652
TMPV,-0.8206161819752441
TNIDETF,-1.6198139826523117
TNPETRO,-2.8260637730617377
TNPL,-2.443946188340815
TNTELE,-0.21834061135370714
TOKYOPLAST,0.596065964633428
TOLINS,-2.195659545608672
TOP100CASE,-1.0185185185185297
TOP10ADD,-0.8132592135062859
TOP15IETF,-0.9310986964618215
TOP20,-1.167728237791926
TORNTPHARM,-2.196244248227837
TORNTPOWER,-3.83683971545331
TOTAL,-6.259270246217738
TOUCHWOOD,0.9446980150727105
TPHQ,-3.0769230769230793
TPLPLASTEH,-2.1217283568220386
TRACXN,-1.8551236749116684
TRANSRAILL,-1.553793399057008
TRANSWORLD,-8.187270715658302
TRAVELFOOD,-3.374761861562192
TREEHOUSE,0.56497175141243
TREL,0.15987210231814208
TRENT,-1.2592670487407354
TRF,-2.622146764761361
TRIDENT,-2.909647779479332
TRIGYN,-6.036920006652258
TRITURBINE,-2.918941621167572
TRIVENI,-1.9264967397747481
TRU,0.8683068017366079
TRUALT,-6.3845365353638925
TSFINV,-1.0258311704362957
TTKHLTCARE,-1.5703069236259908
TTKPRESTIG,-0.2662086732503142
TTL,-2.002670226969297
TTML,-2.4839006439742373
TVSHLTD,-1.6648411829134722
TVSMOTOR,-0.5686115234867294
TVSSCS,-3.45252774352651
TVSSRICHAK,0.39860358482700414
TVTODAY,-2.6301283565635005
TWCGOLDETF,0.23265089072054929
UBL,-0.14546965918536361
UCAL,-3.695614188362738
UCOBANK,-0.8278716798896117
UDS,-2.1368608496565846
UFBL,-2.4371584699453592
UFLEX,-1.9733275506884889
UFO,-3.437110834371097
UGARSUGAR,0.4815409309791324
UGROCAP,-1.0441929399083882
UJJIVANSFB,1.7753389283408674
ULTRACEMCO,0.04043998705920414
UMAEXPORTS,-0.780312124849934
UMESLTD,-0.2083333333333289
UMIYA-MRO,8.93126629167239
UNICHEMLAB,-2.433570113128124
UNIDT,-0.5982905982905856
UNIECOM,0.01870207593042456
UNIENTER,0.01576913979342113
UNIINFO,-2.2591362126245835
UNIMECH,-2.770622245119932
UNIONBANK,-1.1500171644352848
UNIONGOLD,2.4603977081226867
UNIPARTS,-2.1533364884051167
UNITDSPR,-0.40346682606097506
UNITECH,0.20202020202019771
UNITEDTEA,0.0
UNIVASTU,0.33587786259541813
UNIVCABLES,-5.099715099715093
UNIVPHOTO,-0.6323031008144064
UNOMINDA,-3.357477631018329
UPL,0.2926481084939264
URAVIDEF,-3.666700476721786
URBANCO,-3.7171280943934555
URJA,-2.644466209598446
USHAMART,-2.6663492441375998
USK,-0.9236752552260635
UTIAMC,-5.341880341880331
UTKARSHBNK,-1.165331391114349
UTLSOLAR,-2.003521629467476
UTTAMSUGAR,-6.011796733212341
V2RETAIL,-5.364083959575019
VADILALIND,0.2229046958589261
VAIBHAVGBL,2.062479631267753
VAISHALI,-2.7972027972027997
VAKRANGEE,-6.090651558073651
VAL30IETF,-0.924702774108326
VALIANTLAB,-3.0262273032952205
VALIANTORG,-1.6752843846949375
VARDHACRLC,1.3964950711938606
VARDMNPOLY,-0.4926108374384277
VARROC,-1.8289976027701242
VASCONEQ,-4.453990504182679
VASWANI,-4.444444444444447
VBL,-2.668856497639088
VEDL,0.8104324762395934
VEEDOL,-0.5406164431650667
VENKEYS,-1.0294805802526967
VENTIVE,-1.984825904349001
VENUSPIPES,-3.278688524590181
VERANDA,-2.175660975263678
VERTOZ,-6.4014094846571705
VESUVIUS,-0.25959978366684444
VETO,-0.9542943244600732
VGL,-2.6748040988547404
VGUARD,0.4359761020507098
VHL,-2.225666460012405
VIDHIING,0.5215742057847248
VIDYAWIRES,-1.6989762578958703
VIJAYA,0.5043881771411278
VIJIFIN,-4.961832061068698
VIKASECO,-1.3333333333333344
VIKASLIFE,-1.7751479289940846
VIKRAMSOLR,-3.650567483909009
VIKRAN,-2.678176184152282
VIMTALABS,-3.830701672428291
VINATIORGA,-0.44525929806180947
VINCOFE,-2.8181997761243176
VINDHYATEL,-3.6060581777386003
VINEETLAB,2.602118003025717
VINNY,-1.6666666666666683
VINYLINDIA,-2.0541199643577337
VIPCLOTHNG,-6.322674418604645
VIPIND,-0.8245663918111964
VIRINCHI,-4.815724815724817
VISAKAIND,-1.0155506188511592
VISASTEEL,-2.741668636256213
VISHNU,-1.5044161894593808
VISHWARAJ,-5.076923076923078
VIVIDHA,0.0
VIVIMEDLAB,4.273504273504284
VIYASH,2.97758115027092
VLEGOV,-2.1518987341772142
VLSFINANCE,-1.4999085421620715
VMART,-0.6836867157074938
VMM,0.2898084044437284
VMSTMT,-5.3010602120424055
VOLTAMP,-1.0437808060307336
VOLTAS,1.6930807885581827
VPRPL,-1.4232537770965592
VRAJ,-1.1303569976417018
VRLLOG,-1.3040901007706032
VSSL,-4.92148602068174
VSTIND,0.06295907660021224
VSTL,-0.8900567941001926
VSTTILLERS,-1.825411169347551
VTL,-3.0284821535873143
WAAREEENER,-1.6050270659045174
WAAREERTL,-3.099700565598319
WABAG,-4.129020599927724
WAKEFIT,-0.15339944118775056
WALCHANNAG,-3.3985516452801385
WANBURY,-4.097697740874532
WCIL,-0.5853837007225835
WEALTH,0.4088606822481263
WEBELSOLAR,-3.8941010152936655
WEIZMANIND,-4.4828803388633816
WEL,-0.3561760934606069
WELCORP,-3.754446054538269
WELENT,-5.147730734084672
WELINV,-2.1262886597938038
WELSPUNLIV,-3.806944886906659
WENDT,-3.0384924402892413
WESTLIFE,-0.3246753246753293
WEWIN,0.7525870178739423
WEWORK,-1.886952106955488
WHEELS,-3.4642032332563506
WHIRLPOOL,0.8608139755680682
WILLAMAGOR,-4.123376623376622
WINDLAS,-2.0969448074170756
WINDMACHIN,-2.6409439970031885
WIPL,1.2013422818791892
WIPRO,-0.9349677955537088
WOCKPHARMA,-0.6541712605659751
WONDERLA,-1.6715542521994156
WORTHPERI,-3.6128004633651964
WSI,-0.2688516195109381
WSTCSTPAPR,-2.45942571785269
XCHANGING,-2.2268907563025255
XPROINDIA,-2.9876977152899844
XTGLOBAL,-5.214940098661031
YASHO,-2.2898368883312457
YATHARTH,-3.181578484795223
YATRA,-3.7767491782384086
YESBANK,-3.2824780397595807
YUKEN,-0.22944801363576767
ZAGGLE,-4.141804141804126
ZEEL,-4.325849300575988
ZEELEARN,-2.8315946348733294
ZEEMEDIA,-8.145363408521307
ZENITHEXPO,-2.083856389656041
ZENITHSTL,-4.859813084112146
ZENSARTECH,-2.4297383358715154
ZENTEC,-1.0831988937543318
ZFCVINDIA,-2.0235600202356
ZIMLAB,-0.9449929478138245
ZODIAC,1.273760533019781
ZODIACLOTH,-1.566104164137436
ZOTA,-4.4912790697674385
ZUARI,-3.344358691657487
ZUARIIND,-3.317972350230415
ZYDUSLIFE,-0.372754998305654
ZYDUSWELL,-3.0460968264998787
