SYMBOL,change_24012026
20MICRONS,-1.1613438407299923
21STCENMGM,-1.2021857923497206
360ONE,0.5572755417956616
3IINFOLTD,1.0006671114076076
3MINDIA,0.4737295434969853
3PLAND,1.378378378378373
5PAISA,-3.3730696288268884
63MOONS,8.31774243841597
A2ZINFRA,-2.060439560439565
AAATECH,8.441496009999039
AADHARHFC,1.055822705415014
AAKASH,1.562499999999988
AAREYDRUGS,-1.593081474738275
AARON,4.774386818947766
AARTECH,-0.27761253222288435
AARTIDRUGS,1.810422863054442
AARTIIND,1.410811565861157
AARTIPHARM,1.4325507361719152
AARTISURF,5.41476249826894
AARVI,-0.7339449541284464
AAVAS,-0.3306240528998453
ABB,-1.624405705229794
ABBOTINDIA,-1.02184637068358
ABCAPITAL,-1.2385643912737445
ABCOTS,0.012221950623308366
ABDL,-0.6375321336760972
ABFRL,-1.3322567622123658
ABGSEC,-0.3955056179775261
ABINFRA,3.858695652173918
ABLBL,-1.7428832268237981
ABMINTLLTD,-2.9555384219994827
ABREL,-1.108774612884717
ABSLAMC,2.535123321885726
ABSLBANETF,0.1976284584980312
ABSLLIQUID,0.0
ABSLNN50ET,-0.4168982768204519
ABSLPSE,0.29644268774704685
ACC,0.035155563367897644
ACCELYA,0.3445635528330781
ACCURACY,0.18621973929236102
ACE,-0.2700118130168169
ACEINTEG,-1.4932802389248419
ACI,-0.9018619084561742
ACL,0.9467455621301784
ACMESOLAR,0.5686906680995927
ACUTAAS,0.4056069191768538
ADANIENSOL,-1.9350089388999872
ADANIENT,-0.6032418493276805
ADANIGREEN,-0.5837401825514753
ADANIPORTS,-1.0322133702805742
ADANIPOWER,0.5893082643468525
ADFFOODS,-0.3803258467389529
ADL,-1.3021175851637443
ADOR,-1.7957780112713897
ADROITINFO,1.209677419354831
ADSL,1.6453240201785058
ADVANCE,-0.49779205138497823
ADVANIHOTR,0.8432630614115507
ADVENTHTL,0.9424083769633477
ADVENZYMES,1.7888460189407103
AEGISLOG,-2.3987601913617618
AEGISVOPAK,1.668137687555164
AEQUS,-1.4752957550452166
AEROENTER,0.22684310018904452
AEROFLEX,-2.353260869565224
AERONEU,3.1650864472950304
AETHER,0.5130028443722133
AFCONS,1.504499437570294
AFFLE,0.39376918177080056
AFFORDABLE,-0.9093326243020515
AFIL,0.17391304347825717
AFSL,0.25373134328357755
AGARIND,-2.8449002528800227
AGARWALEYE,-0.03997601439136291
AGI,-3.314019219898254
AGIIL,-0.9981070383755064
AGROPHOS,-3.7584240539139344
AHCL,0.966219206372602
AHLADA,-3.4722222222222197
AHLEAST,-3.0355846042120396
AHLUCONT,0.23432269582681423
AIAENG,-2.0492625664693556
AIIL,-78.4451042406248
AIRAN,0.3069367710251732
AIROLAM,-0.526592943654555
AJANTPHARM,0.04030042132258322
AJAXENGG,0.06089074460682373
AJMERA,-1.172829451050667
AJOONI,-0.24449877750610727
AKASH,-3.0040053404539453
AKG,-0.6405124099279429
AKI,2.2690437601296543
AKSHAR,0.0
AKSHARCHEM,1.9240212490513826
AKSHOPTFBR,0.6644518272425255
AKUMS,-0.10128291694800555
AKZOINDIA,-1.1375585508077708
ALANKIT,-0.19249278152070595
ALBERTDAVD,-1.36497702174361
ALEMBICLTD,0.6029021050480312
ALGOQUANT,-2.902887924584764
ALICON,-0.6051632009270498
ALIVUS,-1.2335943220864003
ALKALI,-0.7691304914613339
ALKEM,-0.059655701380603374
ALKYLAMINE,4.197930142302723
ALLCARGO,1.9301470588235208
ALLDIGI,-1.1655997101099138
ALLTIME,-1.7273288093769348
ALMONDZ,-1.7191977077363938
ALOKINDS,1.7307692307692282
ALPA,-3.6165635923635358
ALPHA,0.14821088291340312
ALPHAETF,-0.3627569528415956
ALPHAGEO,0.9834579651030987
ALPL30IETF,-0.2148227712137441
AMANTA,-0.6967363403007015
AMBER,0.44128462858543765
AMBICAAGAR,0.7168458781361996
AMBIKCO,2.0351526364477377
AMBUJACEM,-0.19491368108410398
AMDIND,-2.9890698193174132
AMJLAND,1.4291632145816027
AMNPLST,-1.7285014269560108
AMRUTANJAN,-0.1145944176148065
ANANDRATHI,0.654596545007504
ANANTRAJ,-0.33424223766383865
ANDHRAPAP,1.1204481792717067
ANDHRSUGAR,0.1124543154343524
ANGELONE,2.9892336922102674
ANIKINDS,-6.788626845933433
ANMOL,-1.9926199261992719
ANTELOPUS,2.308762169680114
ANTGRAPHIC,2.061855670103095
ANTHEM,1.90984866877073
ANUHPHR,-3.5732451678535124
ANUP,-3.0182984342576873
ANURAS,1.8889481300936821
AONEGOLD,-0.07610350076103338
AONELIQUID,0.013428226131337649
AONENIFTY,-0.5660377358490614
AONETMMQ50,-0.10405827263267209
AONETOTAL,-0.3372681281618815
APARINDS,-2.8874222617083385
APCL,3.764514458989722
APCOTEXIND,0.6531307681385805
APEX,0.01830831197361938
APLAPOLLO,0.020999580008404607
APLLTD,0.5270422888693745
APOLLO,-0.9747364233140994
APOLLOHOSP,0.5915938639334113
APOLLOPIPE,-1.0540632437946353
APOLLOTYRE,3.3353186420488408
APOLSINHOT,-0.10145945524076755
APTECHT,0.03417634996582494
APTUS,0.10952902519167995
ARCHIDPLY,-0.9980497877710274
ARCHIES,-1.827527127355798
ARE&M,-0.7652056490181686
ARENTERP,5.6825899932080555
ARFIN,0.3684145892177295
ARIES,2.6230569948186417
ARIHANTCAP,0.9905499259934015
ARIHANTSUP,-1.7677974199713367
ARISINFRA,0.3290936582762522
ARKADE,0.1252054151342019
ARMANFIN,-0.0911517676932151
AROGRANITE,0.06985679357317351
ARROWGREEN,-0.3871912934282174
ARSSBL,3.6879548613950366
ARTEMISMED,-1.858237547892729
ARTNIRMAN,-0.10626992561104603
ARVIND,3.0049513402765764
ARVINDFASN,-1.0421052631578922
ARVSMART,-1.2156220363824584
ASAHIINDIA,4.091599739526812
ASAHISONG,0.9597329438764793
ASAL,1.813442139861725
ASALCBR,-2.9244016998434454
ASHAPURMIN,-3.2441016333938317
ASHIANA,3.2223796033994416
ASHIMASYN,4.154476301930958
ASHOKA,-4.048634540709156
ASHOKAMET,-1.0067114093959755
ASHOKLEY,-0.7004972996096478
ASIANENE,-2.0508925180402713
ASIANHOTNR,-1.7057902973395895
ASIANPAINT,-0.3487087418864766
ASIANTILES,-0.11190376276402057
ASKAUTOLTD,0.594016632465709
ASMS,0.08984725965857848
ASPINWALL,1.9156214367160724
ASTEC,-0.10190483656031626
ASTERDM,0.8567626018965192
ASTRAL,-0.013901438798918848
ASTRAMICRO,1.2058702791461413
ASTRAZEN,0.13998782714546562
ASTRON,0.8771929824561372
ATALREAL,4.819765087079779
ATAM,-1.217878455730118
ATGL,-0.3230148048452139
ATHERENERG,2.197716252150801
ATL,-1.0748702742772394
ATLANTAA,2.9359823399558618
ATLANTAELE,1.8074534161490625
ATLASCYCLE,0.0761542122798651
ATUL,-0.8641576481989985
ATULAUTO,-0.8461010747770383
AUBANK,-3.557253423298264
AURIONPRO,0.340931229300604
AUROPHARMA,-0.4433455537556522
AURUM,-0.8741648106904193
AUSOMENT,-1.0858216746711031
AUTOAXLES,-0.8575437867054727
AUTOBEES,-0.09740824491214914
AUTOIETF,-0.2776813606386612
AUTOIND,-1.0972636141966787
AVADHSUGAR,-2.7981248168766513
AVALON,-1.4936932949767647
AVANTEL,-1.6657019744035007
AVANTIFEED,-0.8049271297030335
AVG,-2.0810129550384024
AVL,1.1300020733982974
AVONMORE,2.663578459756809
AVROIND,14.460093896713614
AVTNPL,1.6569499846578677
AWFIS,-1.5808587908566616
AWHCL,-0.9638038123795246
AWL,-0.018196706396138677
AXISBANK,-0.9574635065138946
AXISBNKETF,0.031040679627502184
AXISBPSETF,0.0
AXISCADES,-1.4593770420387648
AXISCETF,0.0
AXISGOLD,-0.34739874597525555
AXISHCETF,-0.13479813978568245
AXISILVER,2.159835741925305
AXISNIFTY,-0.2503967554223369
AXISTECETF,0.7155808050284145
AXISVALUE,-0.03164556962025811
AXSENSEX,-0.6125043337570798
AYMSYNTEX,0.5970336852689723
AZAD,1.5189873417721578
BAGFILMS,-1.1326860841423851
BAIDFIN,0.09803921568628984
BAJAJ-AUTO,0.6637867453376883
BAJAJCON,2.0518358531317453
BAJAJELEC,-2.328966521106267
BAJAJFINSV,0.6153384361398746
BAJAJHCARE,0.07794232268121887
BAJAJHFL,0.7915285057225471
BAJAJHIND,-0.3476245654693063
BAJAJHLDNG,-0.14890646812470917
BAJAJINDEF,-0.6360219716681089
BAJEL,-0.3154949699386875
BAJFINANCE,-0.30465385019434577
BALAJEE,-0.3901170351105479
BALAJITELE,0.01888930865131303
BALAMINES,11.345262966663626
BALAXI,2.82755874153724
BALKRISHNA,-0.8365867261572704
BALKRISIND,-0.7251180906604789
BALMLAWRIE,-1.5811844715216732
BALPHARMA,-1.2093411175980047
BALRAMCHIN,1.9654841802492784
BALUFORGE,5.2899864068871825
BANARBEADS,6.3765272451618715
BANARISUG,0.00833287039609416
BANCOINDIA,0.9961864736555338
BANDHANBNK,-0.25740921107555625
BANG,0.042835724994652234
BANKA,-2.4343675417661115
BANKADD,0.18151815181518058
BANKBARODA,-0.11581733951024684
BANKBEES,0.16134815346002299
BANKBETA,0.2449779519843307
BANKBETF,0.3989361702127693
BANKETF,0.12416601824412694
BANKIETF,0.2961500493583411
BANKINDIA,1.14469806018234
BANKNIFTY1,0.2766026684022017
BANKPSU,0.7028459499942382
BANSALWIRE,0.5024284039524368
BANSWRAS,-2.136091242992455
BASF,-1.1180667559662145
BASML,2.1846661170651176
BATAINDIA,-0.21432104192999346
BAYERCROP,0.05197152864083566
BBETF0432,-0.05247786802955701
BBL,1.1129236904114488
BBNPNBETF,-0.15105740181268262
BBNPPGOLD,0.14657383657018475
BBOX,-1.1107919180312085
BBTC,0.7933865956502415
BBTCL,2.624338624338628
BCG,0.6097560975609807
BCLIND,0.6048387096774184
BCONCEPTS,-0.6929133858267681
BDL,-0.684931506849315
BEARDSELL,-0.2706359945872744
BECTORFOOD,1.6037611494353905
BEDMUTHA,-2.4759635837658442
BEL,-0.9576250897773522
BELLACASA,0.40270386883360687
BELRISE,-1.7719396310788238
BEML,-1.3212911858170286
BEPL,0.5091770278271078
BERGEPAINT,2.1278682094528385
BESTAGRO,3.092901164117771
BETA,-1.0145017738221171
BFINVEST,1.6865953429830054
BFSI,0.316678395496129
BGRENERGY,-3.2004830917874294
BHAGCHEM,3.882752354994503
BHAGERIA,-0.657855745866168
BHANDARI,0.5154639175257737
BHARATFORG,0.2540162021145164
BHARATGEAR,-1.4419946041492206
BHARATRAS,0.6617342952989335
BHARATSE,1.4837538345958836
BHARATWIRE,0.9934714731762702
BHARTIARTL,-0.8365949119373732
BHARTIHEXA,-1.5123981476053803
BHEL,-0.8771929824561276
BIGBLOC,2.9756537421099933
BIKAJI,-0.14945555476477895
BIL,-3.5467191027601643
BIOCON,1.4792899408284024
BIOFILCHEM,-2.2250078345346314
BIRLACABLE,1.8702957500190132
BIRLACORPN,0.25680045653412764
BIRLAMONEY,-0.18922852983989763
BIRLANU,-0.636476287033918
BLACKBUCK,2.453271028037383
BLAL,0.03472394464010774
BLBLIMITED,-4.758364312267649
BLISSGVS,-5.644271528947215
BLKASHYAP,-2.136573104315046
BLS,0.5240027045300917
BLSE,0.05140213604432201
BLUECOAST,-4.645873944119558
BLUEDART,0.7267306438088139
BLUEJET,-1.9919536846236943
BLUESTARCO,-0.005576311827352315
BLUESTONE,-0.36649214659685864
BLUSPRING,3.1192378610940397
BMWVENTLTD,-1.0723337882628137
BODALCHEM,-3.352601156069368
BOHRAIND,-0.9512485136741982
BOMDYEING,1.3101160862354997
BOROLTD,-0.46569944474295344
BORORENEW,-0.9537195060736874
BOROSCI,-0.26835180055401864
BOSCH-HCIL,-2.3298589822195
BOSCHLTD,0.6505576208178439
BPCL,-1.01742160278745
BPL,0.4873294346978511
BRIGADE,-1.8687302952135232
BRIGHOTEL,0.6341537067794076
BRITANNIA,-0.4290401278707832
BRNL,-0.4320691310609691
BROOKS,-0.15367421067337164
BSE,1.4835519243173545
BSE500IETF,-0.12578616352200545
BSHSL,-0.48072108162242344
BSL,-1.236050289588925
BSLGOLDETF,0.08893200743794925
BSLNIFTY,-0.1666111296234612
BSLSENETFG,0.011927480916019686
BSOFT,2.8426273134147815
BTML,0.5063291139240511
BUTTERFLY,-0.8848120789025157
BVCL,-1.7419206967682903
BYKE,2.126851500189906
CALSOFT,-0.39973351099267485
CAMLINFINE,-0.09919978837378855
CAMPUS,0.416418798334318
CAMS,0.07037297677691766
CANBK,0.5599253432875639
CANFINHOME,0.687014303412549
CANHLIFE,-2.686546653840866
CANTABIL,1.6015487504399697
CAPACITE,-0.4119464469618949
CAPILLARY,6.940012763241864
CAPITALSFB,-0.07584376185058347
CAPLIPOINT,0.4824220916047364
CAPTRUST,3.052208835341372
CARBORUNIV,1.3950578667500755
CARERATING,-2.0336521002300048
CARRARO,-0.5281524096953607
CARTRADE,3.0618628785927138
CARYSIL,-1.0031152647975021
CASHIETF,0.014352418861000743
CASTROLIND,0.16028209648982816
CCHHL,-0.6342494714587729
CCL,2.5881728984354258
CDSL,0.16931216931217574
CEATLTD,2.2590921157419674
CEIGALL,0.546448087431694
CELEBRITY,-1.5267175572519098
CELLO,1.0229666031491256
CEMPRO,-1.5519471188389071
CENTENKA,1.067573908962931
CENTRALBK,1.289282836422251
CENTRUM,0.0
CENTUM,-0.05146238957030074
CENTURYPLY,0.8431592121731231
CERA,0.3262158956109134
CESC,-1.9355629057944364
CEWATER,-0.7370145063172618
CGCL,-0.8088923127716937
CGPOWER,-0.7169682485489812
CHALET,1.4383482194640966
CHAMBLFERT,1.488947428702325
CHEMBOND,2.964067972499671
CHEMBONDCH,0.14529855393344493
CHEMCON,-1.2039167424688322
CHEMFAB,-1.8557919621749464
CHEMICAL,-0.06937218175511473
CHEMPLASTS,15.847563515201992
CHENNPETRO,1.6572877373075372
CHEVIOT,1.3155272074945232
CHOICEGOLD,0.2583052306809107
CHOICEIN,0.08020235671540221
CHOLAFIN,-0.5669862052840803
CHOLAHLDNG,0.01648261084556793
CIEINDIA,1.2321095208462944
CIFL,3.9585296889726833
CIGNITITEC,0.7478312892611426
CINELINE,-1.4650283553875174
CINEVISTA,7.8493937460114775
CIPLA,-1.1534261534261596
CLEAN,0.029236346626125596
CLEDUCATE,-0.9797684183738519
CLSEL,-1.1279657720731366
CMSINFO,0.9510869565217495
CNL,0.7079013228459129
COALINDIA,-0.7864908628267485
COCHINSHIP,-0.9791373352105436
COFFEEDAY,-2.319436288901935
COFORGE,0.6717341347003766
COHANCE,-2.066025360734584
COLPAL,0.4865251609825813
COMMOIETF,-0.13471502590673104
COMPUSOFT,1.29427792915531
CONCOR,0.8673618555696415
CONCORDBIO,1.1823692284666585
CONFIPET,-1.1922070369293507
CONS,-0.4369285540901418
CONSOFINVT,1.1210762331838635
CONSUMBEES,-0.3509557945041808
CONSUMER,-0.3433476394849865
CONSUMIETF,-0.328920978740482
CONTROLPR,0.6559601900022654
CORALFINAC,-0.517429193899776
CORDSCABLE,1.721292148078293
COROMANDEL,2.7171064127206135
CORONA,2.3280725558808926
COSMOFIRST,-1.0918877354863548
COUNCODOS,-0.35335689045937213
CPCAP,0.14006828328809995
CPEDU,2.3819561551433415
CPPLUS,-0.21086666198074083
CPSEETF,0.2683843263553408
CRAFTSMAN,2.548195584017077
CRAMC,-2.2442588726513533
CREATIVEYE,-0.5706134094151218
CREDITACC,-0.1936183395291202
CREST,-0.35737921906023107
CRISIL,1.22761288152696
CRIZAC,-0.3464203233256482
CROMPTON,0.6569779016524012
CROWN,-1.0125523012552249
CSBBANK,2.773650321941555
CSLFINANCE,0.08676036786395976
CTE,-3.9565338534410746
CUB,5.379205474244431
CUBEXTUB,-0.04461497278486407
CUMMINSIND,0.07799330767102836
CUPID,1.7859213730720276
CYBERMEDIA,-1.181592039800981
CYBERTECH,-2.3591753774680604
CYIENT,1.9345883577687129
CYIENTDLM,-1.6963736939151757
DABUR,-0.3721374045801613
DALBHARAT,1.5383873456790167
DALMIASUG,-1.2398157987956075
DAMCAPITAL,0.749987903420918
DAMODARIND,-0.1688048615800159
DANGEE,-0.28653295128940487
DATAMATICS,0.47801147227533464
DATAPATTNS,-0.9743981658387466
DAVANGERE,7.47252747252747
DBCORP,0.2664480426316892
DBEIL,-0.7361376673040115
DBL,2.6378896882494054
DBOL,3.071317022384174
DBREALTY,-0.9404955688189474
DBSTOCKBRO,-0.24028834601521315
DCAL,1.237937795548026
DCBBANK,3.20631190196407
DCI,0.8480212836714299
DCM,-0.3182541486701536
DCMFINSERV,-3.792415169660669
DCMNVL,-1.0846153846153819
DCMSHRIRAM,-0.11012282930961072
DCMSRIND,-1.3654096228868717
DCW,0.3919372900335962
DCXINDIA,-2.051505892623304
DDEVPLSTIK,-1.7235376044568207
DECCANCE,-2.184970270076653
DEEDEV,-0.6656735871892779
DEEPAKFERT,1.3323402846739414
DEEPAKNTR,-0.1969129136759137
DEEPINDS,-2.589872439118673
DELHIVERY,0.3667172483561066
DELPHIFX,2.2217573221757334
DELTACORP,3.2315711094564223
DELTAMAGNT,0.104306362688135
DEN,0.6589785831960437
DENORA,0.9309967141292336
DENTA,0.8653061224489722
DEVIT,-2.351557907113475
DEVX,2.4940929377789334
DEVYANI,-0.6040960660085616
DGCONTENT,1.2832550860719878
DHAMPURSUG,-0.12640094379371844
DHANBANK,-1.7772511848341204
DHANUKA,-2.128825947921421
DHARMAJ,-2.332744671239068
DHRUV,-0.9038800705467297
DHUNINV,-0.47285464098074353
DIACABS,-2.6278777111555343
DIAMINESQ,0.60393532047536
DIAMONDYD,0.805392628906596
DICIND,-0.9828009828009876
DIFFNKG,0.049734748010602535
DIGIDRIVE,1.2741312741312814
DIGISPICE,-0.48309178743961106
DIGITIDE,2.600650162540639
DIGJAMLMTD,1.8775510204081667
DISHTV,-1.546391752577321
DIVGIITTS,0.6251605720647387
DIVIDEND,0.41402152911952994
DIVISLAB,-0.7555315704263357
DIVOPPBEES,0.2789231142372108
DIXON,-5.100489782131397
DJML,-0.9034443817052521
DLF,-1.09906768740999
DLINKINDIA,5.0076844262295115
DMART,-0.14611872146118482
DMCC,-0.45239121068504223
DNAMEDIA,11.377245508982046
DODLA,2.3154362416107306
DOLATALGO,-1.4702581369247902
DOLLAR,-0.1197425535099638
DOLPHIN,-0.7453554344198389
DOMS,-0.6682596897655017
DONEAR,2.883279295970351
DPABHUSHAN,-1.5460004141072599
DPSCLTD,2.6460859977949305
DPWIRES,-1.042928627864098
DRCSYSTEMS,1.6363636363636338
DREAMFOLKS,-0.14695797002056576
DREDGECORP,6.64479081214109
DRREDDY,-1.9909502262443475
DSSL,0.5030081862116602
DTIL,-1.9620624470373451
DUCON,-3.363914373088681
DVL,-1.5451736047991274
DWARKESH,-1.0550327915597302
DYCL,-0.3528468323977619
DYNAMATECH,-0.6195854808641299
DYNPRO,-1.4495889225443508
E2E,-1.8564234225338272
EASEMYTRIP,0.14124293785310432
EBANKNIFTY,0.0666111573688697
EBBETF0430,-0.08948545861298121
EBBETF0431,-0.17367811655731832
EBBETF0433,-0.1338541381280801
EBGNG,1.4054438711972916
ECAPINSURE,-0.08354218880534492
ECLERX,-0.047863545383339534
ECOSMOBLTY,-0.3343416653399116
EDELWEISS,-0.8448832352382765
EFCIL,0.7038535984515222
EGOLD,0.0
EICHERMOT,-0.43033889187735336
EIDPARRY,0.2872951691849378
EIEL,2.3130134025075666
EIFFL,-6.382623224728495
EIHAHOTELS,-0.6608899985313557
EIHOTEL,0.2896032435563278
EIMCOELECO,1.5989036089538604
EKC,-0.9859791949344219
ELDEHSG,-3.5245814226298458
ELECON,-2.2688460600146265
ELECTCAST,-0.14200511218405074
ELECTHERM,-2.903741252961598
ELGIEQUIP,-0.022711787417674933
ELGIRUBCO,0.8512650744856927
ELIN,1.2671162885755254
ELIQUID,0.014789690599670413
ELLEN,-0.26614620298083747
ELM250,-0.1805054151624617
EMAMILTD,-0.41934854690853013
EMAMIPAP,-0.6133493686109502
EMAMIREAL,0.4813321191622093
EMCURE,3.4353945700753785
EMIL,3.1256533556345487
EMKAY,2.899396769799568
EMMBI,-3.0696332921302063
EMMVEE,0.7553803031022867
EMSLIMITED,-1.2609858616736693
EMUDHRA,2.8623853211009216
EMULTIMQ,0.14591439688716507
ENDURANCE,0.5712953247056186
ENERGY,-0.31856356791195894
ENGINERSIN,-0.33926184846303925
ENIFTY,-0.3493788819875771
ENIL,0.9668035592060316
ENRIN,1.2933395121540328
ENTERO,-0.4393458628264473
EPACK,0.5170821791320322
EPACKPEB,-0.4585326953748029
EPIGRAL,0.9122502172024326
EPL,-0.058221338120423335
EQUAL200,-0.3000750187546956
EQUAL50,-0.3535792407035648
EQUAL50ADD,-0.18255578093306155
EQUITASBNK,2.178485576923081
ERIS,-1.1510406210265707
ESABINDIA,-0.08876264867743654
ESAFSFB,1.0976087808702375
ESCORTS,-0.7677133870021907
ESENSEX,0.16738402678144496
ESG,-0.22701475595912446
ESILVER,2.5955100433241447
ESSENTIA,-1.360544217687076
ESTER,-0.5140039861533566
ETERNAL,3.2602979842243687
ETHOSLTD,0.6647109064577255
EUREKAFORB,-0.2974628171478645
EUROBOND,1.099840437656717
EUROPRATIK,2.017978352595854
EVEREADY,1.2937009086708906
EVERESTIND,-2.0539580326412787
EVIETF,-0.12882447665056085
EVINDIA,-0.28966849050531013
EXCEL,3.9682539682539715
EXCELINDUS,2.67812861630021
EXCELSOFT,-0.758305247953774
EXICOM,-0.509578182504475
EXIDEIND,-1.058049756934512
EXPLEOSOL,-0.9426468251866734
FABTECH,0.6816487378847593
FACT,0.4920120398240334
FAIRCHEMOR,-0.028174966542233636
FAZE3Q,-9.368485591661555
FCL,-1.7424564385890358
FCSSOFT,0.0
FDC,-1.8794637263500815
FEDERALBNK,-1.4234875444839834
FEDFINA,-0.9108136194143952
FIBERWEB,-0.9295352323838149
FIEMIND,1.5303596345141108
FILATEX,-0.9075194468452933
FILATFASH,0.0
FINCABLES,0.6805867582925832
FINEORG,-0.03087079385434166
FINIETF,-0.09316770186335756
FINKURVE,2.789144949386176
FINOPB,2.4088680451929125
FINPIPE,0.4850724721372083
FIRSTCRY,-0.09281603861147206
FISCHER,4.922754647813571
FIVESTAR,2.1788425515133722
FLAIR,0.42633822832781393
FLEXIADD,0.0
FLEXITUFF,-1.237623762376226
FLUOROCHEM,-0.12143290831814896
FMCGIETF,-0.2833864682961454
FMGOETZE,0.12323549182164718
FMNL,1.6009852216748868
FOCUS,-0.6704063483376783
FOODSIN,0.45178376694190103
FORCEMOT,0.9798994974874372
FORTIS,1.6455837904399468
FOSECOIND,-0.9377628259041287
FSL,3.4034355434259185
FUSION,-0.09075508228461138
GABRIEL,-0.6673618352450446
GAEL,-1.4278574998215179
GAIL,-0.7745421795256802
GALAPREC,1.8053538078439446
GALAXYSURF,-1.4354821747817834
GALLANTT,-0.6410827174783919
GANDHAR,7.621139510117138
GANDHITUBE,1.0766435636901959
GANECOS,-2.2031977842125143
GANESHBE,1.0579280092891152
GANESHCP,2.017642185291688
GANESHHOU,3.881587860723476
GANGAFORGE,-0.5970149253731348
GANGESSECU,-0.6671899529042452
GARFIBRES,-2.200470445405569
GARUDA,17.9499606227661
GATECH,-1.8867924528301903
GATECHDVR,0.0
GATEWAY,-1.037453842096002
GEECEE,-0.524892635597275
GEEKAYWIRE,-2.1003134796238188
GEMAROMA,-0.7914001187100104
GENCON,-1.7431597528684888
GENESYS,-4.2249968470172785
GENUSPAPER,2.435192458758827
GENUSPOWER,-0.24056254626201973
GEOJITFSL,1.053799223516349
GESHIP,0.5727272727272686
GFLLIMITED,1.46594915568751
GHCL,0.273972602739726
GHCLTEXTIL,2.7839335180055276
GICHSGFIN,0.7195528068506233
GICRE,-0.717768147345606
GILLANDERS,0.7518053219902967
GILLETTE,3.2200471848498378
GILT10BETA,0.8425890463423932
GILT5BETA,-0.11075949367088651
GILT5YBEES,-0.04722921914357862
GINNIFILA,0.1486620416253773
GIPCL,-1.0894297731503915
GKENERGY,-1.9354838709677364
GKSL,2.0744059213089163
GKWLIMITED,0.03530657879250965
GLAND,0.9512624779800379
GLAXO,-1.1680780943640232
GLENMARK,-0.4609665427509271
GLOBALE,-2.4126455906821893
GLOBALVECT,0.8459869848156195
GLOBE,2.3809523809523756
GLOBECIVIL,0.7908264136022115
GLOBUSSPR,-1.1651816312542815
GLOSTERLTD,1.0935504469987265
GLOTTIS,2.2647113421199294
GMBREW,0.6550840216462633
GMDCLTD,1.170731707317077
GMMPFAUDLR,-0.45657664659025116
GMRAIRPORT,-0.6107328794553459
GMRP&UI,-3.5175422650427106
GNA,0.630191922085359
GNFC,0.19007391763463088
GOACARBON,1.480698043363306
GOCLCORP,-1.2566371681415969
GOCOLORS,-3.0067081935792896
GODAVARIB,-1.5492957746478793
GODFRYPHLP,3.9847930160518206
GODIGIT,2.201115633951458
GODREJAGRO,2.236625890085813
GODREJCP,0.2588577900016215
GODREJIND,-1.126259632483708
GODREJPROP,-2.693184172363787
GOKEX,-2.985316784294634
GOKUL,2.297008547008546
GOKULAGRO,0.1720747295968542
GOLD1,-0.29746727859934924
GOLD360,-0.4728992360858329
GOLDADD,-0.5837285662167174
GOLDBEES,-0.33401849948612583
GOLDBETA,-0.08445945945946665
GOLDBND,0.24213075060532932
GOLDCASE,0.09029345372461908
GOLDETF,0.09509180016092125
GOLDIAM,0.6412124744972277
GOLDIETF,-0.35504912889108464
GOLDTECH,-3.231744733074245
GOODLUCK,2.1593646827875475
GOPAL,-0.9461315428048119
GPIL,1.76678445229682
GPPL,1.6994187655687756
GPTHEALTH,-0.49355432780846226
GPTINFRA,1.203311513284559
GRANULES,-0.6808439102294811
GRAPHITE,-3.166909032153825
GRASIM,-1.157943492357573
GRAVITA,0.45735475896168676
GREAVESCOT,-1.5123739688359388
GREENLAM,3.013142881291466
GREENPANEL,-0.9611423863792496
GREENPLY,0.9726821192052957
GREENPOWER,-1.2785388127853772
GRINDWELL,0.9663381543581299
GRINFRA,-0.3393245321032747
GRMOVER,1.73602853745542
GROBTEA,-0.8854427213606827
GROWW,-0.06756756756757594
GROWWCAPM,0.8205128205128212
GROWWDEFNC,-1.564274000252296
GROWWEV,-0.740740740740742
GROWWGOLD,0.4218488617353873
GROWWLIQID,0.018618506795751274
GROWWLOVOL,-0.5586592178770996
GROWWMC150,0.15114734576099667
GROWWMETAL,0.2790697674418545
GROWWMOM50,-0.28901734104047333
GROWWN200,-0.8591065292096343
GROWWNET,0.8964143426294985
GROWWNIFTY,-0.38572806171648166
GROWWNXT50,-0.6246368390470756
GROWWPOWER,-0.6276150627615115
GROWWRAIL,-0.41224970553592627
GROWWRLTY,-0.8247422680412378
GROWWSC250,0.4305705059203545
GROWWSLVR,3.0989656698997936
GRPLTD,2.386253353884795
GRSE,-1.2497984196097403
GRWRHITECH,1.4198030486982451
GSEC10ABSL,0.8476893628657433
GSEC10IETF,0.15051522519392782
GSEC10YEAR,-0.03382949932340328
GSEC5IETF,-0.1409774436090279
GSFC,-0.3276238648120435
GSPL,-2.6599216710182696
GSS,1.9193857965450989
GTECJAINX,-2.6684758028041604
GTL,-0.522193211488251
GTLINFRA,0.0
GTPL,-8.012422360248442
GUFICBIO,1.6039383833571397
GUJALKALI,-0.5680644494939062
GUJAPOLLO,-0.4961832061068674
GUJGASLTD,-1.9671344608372425
GUJTHEM,-3.548895899053628
GULFOILLUB,-1.0650371017023172
GULFPETRO,0.44656147662994516
GULPOLY,-0.8599594490666221
GVPIL,-1.007966184360274
GVPTECH,-3.2979976442873893
GVT&D,0.48929438599073594
HAL,-1.4606940509915016
HAPPSTMNDS,-0.8542075493477984
HAPPYFORGE,1.5626436253332106
HARIOMPIPE,3.3283283283283165
HARRMALAYA,0.5821231847771701
HARSHA,2.528613255256854
HATHWAY,0.0
HATSUN,-1.7047553702433076
HAVELLS,-1.2892995035852208
HAVISHA,0.56497175141243
HBLENGINE,-1.7534691981652468
HCC,4.967948717948717
HCG,4.613456567713626
HCL-INSYS,-1.2734082397003739
HCLTECH,-0.15591268889421378
HDBFS,-0.12354509395930105
HDFCAMC,-0.07236180904523344
HDFCBANK,0.04269171247131408
HDFCBSE500,0.0265745415891523
HDFCGOLD,-0.03321431536992962
HDFCGROWTH,0.0
HDFCLIFE,-0.8149473265752306
HDFCLIQUID,0.015325376908496184
HDFCLOWVOL,-0.2315886984715179
HDFCMID150,-0.225428313796216
HDFCMOMENT,-0.19218449711722846
HDFCNEXT50,-0.2574370709382249
HDFCNIF100,-1.1355311355311437
HDFCNIFBAN,0.196979645436634
HDFCNIFIT,0.6493506493506443
HDFCNIFTY,-0.21814404432132806
HDFCPSUBK,0.8386948529411646
HDFCPVTBAN,-0.034482758620695046
HDFCQUAL,-0.19798713083649142
HDFCSENSEX,-0.23263191286877327
HDFCSILVER,2.749253364971566
HDFCSML250,0.48082850450006237
HDFCVALUE,0.417356263941867
HEADSUP,0.23255813953487878
HEALTHADD,-0.020397062822954264
HEALTHIETF,-0.20688734650293797
HEALTHY,-0.1336898395722015
HECPROJECT,-0.7622943199776826
HEG,-3.318117977528086
HEIDELBERG,-0.367276820093599
HEMIPROP,-0.3720726636025322
HERANBA,-1.196543319299808
HERITGFOOD,0.7831120190670726
HEROMOTOCO,0.13970138828254605
HESTERBIO,-1.9862836438923277
HEUBACHIND,-0.23645985812408768
HEXATRADEX,0.575221238938069
HEXT,0.6163539241199836
HFCL,-0.8070897293875582
HGINFRA,-0.7242260721386001
HGM,-0.37138704989503774
HGS,-0.4994192799070795
HIKAL,-0.9724548669272172
HILINFRA,-0.09036688957165581
HILTON,1.2687052700065082
HIMATSEIDE,-1.7641418983700898
HINDALCO,1.7551486170733008
HINDCOMPOS,-1.139330643247095
HINDCON,-0.4410585404972052
HINDCOPPER,-1.145317940260216
HINDOILEXP,-0.7725093233883835
HINDPETRO,-0.48775080368029894
HINDUNILVR,-0.6940403956445773
HINDWAREAP,-1.5644298065047393
HINDZINC,0.2546756864305647
HIRECT,2.3141345871290038
HISARMETAL,-0.9668063164679342
HITECH,0.3292181069958861
HITECHCORP,-0.08666584127769367
HLEGLAS,2.454057755963931
HLVLTD,-0.7751937984495959
HMAAGRO,0.03601008282319612
HMVL,3.8490566037735805
HNDFDS,-1.104645428543242
HNGSNGBEES,2.3922708289227947
HOMEFIRST,2.7772547542835624
HONASA,1.0801393728223074
HONAUT,0.31659882406151063
HONDAPOWER,-0.6692465285681684
HPAL,1.1176022352044828
HPIL,2.591760299625474
HPL,-1.4764730233200007
HSCL,0.6263269639065794
HTMEDIA,0.04268032437047189
HUBTOWN,0.4116137027529463
HUDCO,-1.1401250459727925
HUHTAMAKI,-4.408221846327333
HYUNDAI,0.46171269274326626
IBULLSLTD,-2.971887550200797
ICDSLTD,-2.2851919561243146
ICEMAKE,3.1557236163630176
ICICIAMC,1.6125351791283216
ICICIB22,-0.43400561654327724
ICICIBANK,1.6913169627061138
ICICIGI,-1.298225409621523
ICICIPRULI,0.10282776349615064
ICIL,0.6625175667536547
ICRA,-0.17470881863560733
IDBI,-0.5469724594568595
IDEA,-3.999999999999994
IDEAFORGE,-1.598485645178245
IDFCFIRSTB,-2.1351893358499496
IDFNIFTYET,0.17363571934798339
IEX,-0.49992958738206444
IFBAGRO,-4.998736097067753
IFBIND,-0.476190476190473
IFCI,2.1974127237285166
IFGLEXPOR,-0.6780889279983447
IGARASHI,-2.3368346512451263
IGCL,-0.04049129437171162
IGIL,1.1800840607824044
IGL,-1.5489972281102355
IGPL,-1.0350853609356006
IIFL,-0.654460459680568
IIFLCAPS,-0.936830835117773
IITL,1.4864412453967184
IKIO,0.1833668520052066
IKS,1.9156858035070778
IMAGICAA,5.166051660516597
IMFA,-1.2139851084493363
IMPAL,-0.7062568387545917
INCREDIBLE,2.4136039495337425
INDBANK,0.34344590726961804
INDGN,-0.039131285462736344
INDHOTEL,-1.7316330966526654
INDIACEM,-0.1603077909586406
INDIAGLYCO,-0.06226650062266737
INDIAMART,0.13000278577396818
INDIANB,-1.0766346095687387
INDIANCARD,0.07692307692307984
INDIANHUME,-1.6597000245881486
INDIASHLTR,0.4744197974099302
INDIGO,-1.865979381443299
INDIGOPNTS,2.137787056367425
INDIQUBE,4.918032786885257
INDNIPPON,-1.0270235573528468
INDOAMIN,2.3581794195250656
INDOBORAX,3.4131031777167578
INDOCO,0.4833162933358082
INDOFARM,-1.2222105152249463
INDORAMA,-0.8859609268514325
INDOSTAR,-0.2598546575644146
INDOTECH,-1.580150618612157
INDOTHAI,3.6799999999999957
INDOUS,0.4561966714539089
INDOWIND,-0.27155465037339394
INDRAMEDCO,-1.163213376953824
INDSWFTLAB,11.399933913426581
INDTERRAIN,1.391035548686231
INDUSINDBK,0.5632558396377391
INDUSTOWER,-1.0864539990753688
INFIBEAM,0.0
INFOBEAN,-5.1652086699727
INFOMEDIA,-3.6918138041733615
INFRABEES,-1.1515358999097352
INFRAIETF,-1.1568525273579984
INFY,0.19424775988469883
INGERRAND,-1.441374849856792
INNOVACAP,0.4892653716956198
INNOVANA,1.3388909940633962
INOXGREEN,0.47803201203136014
INOXINDIA,0.07160118141948936
INOXWIND,2.482869093174328
INSECTICID,-0.29841369561804476
INSPIRISYS,0.5020320344250558
INTELLECT,1.898976632189572
INTENTECH,-1.873556335015825
INTERARCH,-3.893756083993881
INTERNET,1.1860637509266132
INTLCONV,-1.208313194780087
INVENTURE,-1.7391304347826104
IOB,0.22669311419665142
IOC,-0.5308392315470193
IOLCP,-0.13164823591363128
IONEXCHANG,1.1127167630057868
IPCALAB,-1.3090718680455558
IPL,0.1677550775867241
IRB,-0.14644862094215835
IRCON,-0.9281309153080601
IRCTC,-0.7324564857840399
IREDA,-1.0671378091872727
IRFC,-1.0600994862594775
IRIS,2.459306440198156
IRISDOREME,-2.4281907018063373
IRMENERGY,-0.799273387829242
ISFT,0.7545931758530159
ISGEC,-0.12561236025624922
ISHANCH,0.17532674529805456
IT,0.5531505531505627
ITADD,0.8072653884964689
ITBEES,0.5756776205325066
ITBETA,0.6934566145092507
ITC,-1.0933806146572072
ITCHOTELS,0.9600755469282746
ITDC,0.602089605100049
ITETF,0.8062484252960451
ITI,3.0057413036136365
ITIETF,0.4798464491362832
IVALUE,-0.26078234704112563
IVC,-0.3797468354430411
IVP,-0.7757212847033307
IVZINGOLD,1.6117792331109584
IVZINNIFTY,0.1070030596721573
IXIGO,5.914104670265194
IZMO,-2.2272170004086664
J&KBANK,0.3396603396603431
JAGRAN,-0.28710881424060125
JAGSNPHARM,1.755072382762291
JAIBALAJI,-1.48381294964028
JAICORPLTD,1.4673452078032143
JAINREC,2.3241438991222734
JAIPURKURT,0.9713835652402139
JAMNAAUTO,5.959844456789147
JARO,8.998192615543497
JASH,-1.5427941716664653
JAYAGROGN,3.2868787799105967
JAYBARMARU,-0.35379812695108137
JAYKAY,1.2633513265189027
JAYNECOIND,-2.6784700942004305
JAYSREETEA,-0.6568144499179008
JBCHEPHARM,-0.21358393848782573
JBMA,1.3255523134639509
JGCHEM,2.0058184045322345
JHS,4.270109235352529
JINDALPHOT,6.901187542012089
JINDALPOLY,-3.644699140401141
JINDALSAW,-0.1545403968597391
JINDALSTEL,-1.2311901504787983
JINDRILL,-2.0496427228281267
JINDWORLD,0.07355645457888772
JIOFIN,-1.266261925411961
JISLDVREQS,3.9379023097311587
JISLJALEQS,1.6358839050132048
JITFINFRA,3.139866793529972
JKCEMENT,3.350906978822268
JKIL,-2.1152314364103098
JKIPL,0.7403925255611651
JKLAKSHMI,2.2641762966944246
JKPAPER,-1.6117729502452698
JKTYRE,0.3782600039816797
JLHL,1.8723212271599263
JMA,-1.3545502367175186
JMFINANCIL,-1.197342483755557
JNKINDIA,-0.680241664801961
JOCIL,1.0454511752057511
JPOLYINVST,2.7127138032465385
JPPOWER,1.3390139987827077
JSFB,-1.3452366393542863
JSL,1.560173496471801
JSLL,4.359851517577688
JSWCEMENT,1.6028569055726325
JSWENERGY,-0.9322373696872561
JSWHL,1.5475520540236354
JSWINFRA,0.05677517032552389
JSWSTEEL,-0.3889405597362084
JTEKTINDIA,0.6883391262863896
JTLIND,7.678600356390737
JUBLCPL,-4.616523670571839
JUBLFOOD,0.8403361344537772
JUBLINGREA,1.3102376193648542
JUBLPHARMA,-0.9424083769633594
JUNIORBEES,-0.2179593052377941
JUNIPER,-0.6559332140727512
JUSTDIAL,1.5232292460015233
JWL,-0.9927645970048758
JYOTHYLAB,0.1538461538461451
JYOTICNC,-0.10139281711938156
JYOTISTRUC,-2.771618625277162
KABRAEXTRU,0.5257726893027476
KAJARIACER,-0.06029241822841006
KAKATCEM,-0.6369426751592281
KALAMANDIR,0.6824535438250273
KALPATARU,5.036603221083452
KALYANIFRG,1.4514389980923943
KALYANKJIL,-1.1866773035500577
KAMATHOTEL,0.8196362042515908
KAMDHENU,-0.8853474988933124
KAMOPAINTS,1.408450704225364
KANANIIND,0.6250000000000006
KANORICHEM,-3.1982354562999826
KANPRPLA,2.076696888017634
KANSAINER,0.7023933402705536
KAPSTON,-1.5268377144655962
KARMAENG,4.091008532049874
KARURVYSYA,0.45523520485583785
KAUSHALYA,1.3304671159655974
KAVDEFENCE,-2.434807664601639
KAYA,0.5638134290107608
KAYNES,-0.024354603019973234
KCP,-0.6068662582360486
KCPSUGIND,0.4473363155754349
KDDL,1.7748367588413163
KEC,-0.8885999133073222
KECL,-1.1651523249599183
KEEPLEARN,0.429184549356214
KEI,-1.3117831551475512
KELLTONTEC,-1.2933568489124185
KERNEX,1.7309277406355768
KEYFINSERV,2.976612331679672
KFINTECH,0.3615604186489015
KHADIM,2.620190882684223
KHAICHEM,-1.4571428571428515
KHAITANLTD,-2.722747129940066
KHANDSE,5.752688172043012
KICL,0.7184182084048689
KILITCH,-0.9141033081834109
KIMS,1.4744216357119695
KINGFA,-0.2540298369590319
KIOCL,-0.6449842184712564
KIRIINDUS,10.192129867461219
KIRLOSBROS,0.5394679729645964
KIRLOSENG,2.2026822986055556
KIRLOSIND,1.4846901659943157
KIRLPNU,1.0673076923076836
KITEX,0.6744925092418393
KKCL,-1.5480202190396004
KMEW,8.566702115089212
KMSUGAR,0.14716703458424998
KNAGRI,0.3221037068328301
KNRCON,-0.8939796060902369
KOHINOOR,-0.1193792280143159
KOKUYOCMLN,-0.17217630853995142
KOLTEPATIL,0.05391562205148636
KOPRAN,-0.3575283324338917
KOTAKBANK,-0.032813012703336274
KOTARISUG,-0.7172517931294743
KOTHARIPET,0.8026360256843553
KOTHARIPRO,-1.0925819436457807
KPEL,0.12578616352200545
KPIGREEN,1.4950730547060875
KPIL,0.6156316916488304
KPITTECH,0.08528057308545114
KPRMILL,3.201062994503835
KRBL,1.4994394618833986
KREBSBIO,0.7819980849026525
KRIDHANINF,-5.339805825242723
KRISHANA,1.1144883485309016
KRISHIVAL,-1.6664292835778443
KRISHNADEF,1.2937468900315068
KRITI,0.4871513822920542
KRITIKA,-0.5625879043600567
KRITINUT,2.3562412342216086
KRN,2.2121669180492676
KRONOX,-0.04560310101087047
KROSS,-2.329925285096347
KRSNAA,0.8978285077951067
KRYSTAL,-0.4296716659910786
KSB,-2.257441566224951
KSCL,0.5998766608734678
KSHINTL,-3.052431721922023
KSHITIJPOL,0.0
KSL,0.8465991316932017
KSOLVES,1.6467607672819442
KTKBANK,-0.6608399062033579
KUANTUM,-0.9568863563057741
LAGNAM,1.6045099739809183
LAL,-3.1094527363183975
LALPATHLAB,2.896451846488052
LAMBODHARA,0.7982062780269062
LANDMARK,2.086371284352218
LAOPALA,0.23006902070621585
LASA,-4.913294797687876
LATENTVIEW,0.12531328320802265
LAURUSLABS,1.4474693251533655
LAXMICOT,-1.3075965130759595
LAXMIDENTL,-0.24534859946842066
LAXMIINDIA,-3.0975040402226512
LEMERITE,-0.09746588693956869
LEMONTREE,-0.3289473684210526
LENSKART,-1.8123901581722321
LEXUS,1.840971406188793
LFIC,0.7853917141174273
LGBBROSLTD,1.3562529569468513
LGEINDIA,0.6909954653422685
LGHL,-0.5787234042553152
LIBAS,-1.672862453531596
LIBERTSHOE,-2.3622047244094464
LICHSGFIN,0.4433734939758949
LICI,-0.042062252133159804
LICMFGOLD,-0.1746742031716125
LICNETFGSC,-0.3467406380027788
LICNETFN50,-0.5484587614551458
LICNETFSEN,-0.010633885940941815
LICNFNHGP,-0.6049017903702251
LICNMID100,-0.3674628361449789
LIKHITHA,-1.0992189759907467
LINC,0.28512875345272487
LINCOLN,-1.2886597938144329
LINDEINDIA,-0.36036036036036034
LIQGRWBEES,0.01172218423366265
LIQUID,0.0
LIQUID1,0.01380516313101937
LIQUIDADD,0.013529358708384915
LIQUIDBEES,0.0010000100000990915
LIQUIDBETF,0.012208980174504752
LIQUIDCASE,0.017815784785316247
LIQUIDETF,0.0010000100000990915
LIQUIDIETF,0.0
LIQUIDPLUS,0.014044286316192216
LIQUIDSBI,-0.0009999999999990906
LIQUIDSHRI,0.012872616267318272
LLOYDSENGG,-1.199226305609293
LLOYDSENT,-1.9662461084712484
LLOYDSME,-1.3097995367782018
LMW,-0.6909680603539449
LODHA,-0.31545741324919874
LOKESHMACH,0.5744882592447996
LORDSCHLO,0.07716545559771368
LOTUSDEV,-1.626279642348057
LOTUSEYE,-2.0154334997730357
LOVABLE,0.19833399444665567
LOWVOL,-0.5373853423515357
LOWVOL1,0.13654984069185772
LOWVOLIETF,-0.17256255392579442
LOYALTEX,5.048514251061254
LPDC,2.18340611353711
LT,-3.27444637969644
LTF,-2.532500422083404
LTFOODS,2.8453608247422744
LTGILTBEES,-0.1369394043135883
LTGILTCASE,-0.1007725898555631
LTIM,1.6665277893508874
LTTS,0.032435187544879555
LUMAXIND,-2.11072354887756
LUMAXTECH,-0.8271572260455267
LUPIN,-0.4295375616889092
LUXIND,-2.818444378050002
LXCHEM,0.7319182913034762
LYKALABS,-1.79418172497758
LYPSAGEMS,-4.133858267716534
M&M,-0.5567626290059751
M&MFIN,2.616320181021072
MACPOWER,-1.3038079470198698
MADHAV,0.7231920199501226
MADHUCON,0.0
MADRASFERT,-1.0594540695500543
MAFANG,0.9968173902600111
MAGADSUGAR,-1.3276278253236804
MAGNUM,-3.6628420123565832
MAHABANK,2.0072134232397585
MAHAPEXLTD,0.2572545791315085
MAHEPC,1.8932340161390424
MAHESHWARI,0.9440478931614177
MAHKTECH,0.22770398481972948
MAHLIFE,-0.9564865957160057
MAHLOG,-0.605862125429842
MAHSCOOTER,6.5626930203829525
MAHSEAMLES,0.0383914003263138
MAITHANALL,-2.188908304975624
MAKEINDIA,-0.669111497136988
MALLCOM,0.5591630591630633
MALUPAPER,-0.939518496770406
MAMATA,1.1269722013523666
MANAKALUCO,11.226252158894638
MANAKCOAT,0.4535856729490764
MANAKSIA,0.46160947838130695
MANAKSTEEL,0.29159241859711604
MANALIPETC,1.3802622498274624
MANAPPURAM,4.707681849082265
MANBA,3.241576413959087
MANCREDIT,-1.7688751926040092
MANGLMCEM,0.38508309687880327
MANINDS,-1.6482728966604556
MANINFRA,0.13508949679162158
MANKIND,-0.467562828755118
MANORAMA,1.25535823637476
MANORG,-0.28002800280027546
MANUFGBEES,-0.31331592689294374
MANUGRAPH,-1.952141057934512
MANYAVAR,-0.10156971375807101
MAPMYINDIA,0.8323117620491556
MARALOVER,0.09610764055742227
MARATHON,-0.08999999999999773
MARICO,-0.019836022216356906
MARINE,-0.01020981162896616
MARKOLINES,0.6204252352736248
MARKSANS,0.32951786333681443
MARUTI,-0.9407791581232662
MASFIN,-0.4621513944223071
MASPTOP50,0.7669781062613462
MASTEK,1.0528406833532007
MASTERTR,-1.3800036556388275
MATRIMONY,0.2829241580724568
MAWANASUG,-1.1990407673860912
MAXESTATES,2.972347423559505
MAXHEALTH,1.43040347242774
MAXIND,-0.2106495026331268
MAYURUNIQ,-2.229587225067796
MAZDA,-0.3462703794546236
MAZDOCK,-1.57861335871806
MBAPL,-2.2538699690402533
MBEL,1.0719976821671868
MBLINFRA,-4.8547008547008605
MCLEODRUSS,3.5036166365280224
MCLOUD,0.8860759493670923
MCX,2.5950782997762865
MEDANTA,-2.136036186965991
MEDIASSIST,-0.47064096817569834
MEDICAMEQ,-0.681904280843538
MEDICO,1.3906718014548536
MEDPLUS,-0.34268833087148914
MEESHO,-1.2702978009467172
MEIL,0.5914659907055247
MENONBE,1.3991045730732332
METAL,0.35180299032542595
METALIETF,0.35180299032542595
METROBRAND,-0.7389836693732241
METROPOLIS,1.6905765025865314
MFML,-1.0092514718250714
MFSL,-0.9745533297238793
MGEL,5.250403877221313
MGL,-0.44910179640718134
MHLXMIRU,-1.4907271716610182
MHRIL,-0.32954358213873786
MICEL,-1.0883320678309283
MID150,-0.5383580080753587
MID150BEES,-0.19881594062031324
MID150CASE,-0.2734731084776767
MIDCAP,-0.6822220948231369
MIDCAPADD,-0.09099181073703173
MIDCAPBETA,-0.4689120339059435
MIDCAPETF,-0.2683363148479371
MIDCAPIETF,0.0
MIDHANI,-1.7977851287214155
MIDQ50ADD,0.2964182791272124
MIDSELIETF,-0.7123287671232822
MIDSMALL,0.2560819462227858
MIDWESTLTD,-0.2958579881656746
MINDACORP,-0.8193186718413108
MINDTECK,4.573213370006061
MIRCELECTR,-2.2884012539184857
MIRZAINT,1.381294964028768
MITCON,-1.7313991576977061
MITTAL,0.0
MKPL,2.4096385542168774
MMFL,0.3343283582089498
MMP,0.8030515960650471
MMTC,0.047229219143567425
MNC,0.0
MOALPHA50,0.653194529495816
MOBIKWIK,-0.5649237565306089
MOCAPITAL,0.9511456982274208
MODEFENCE,-1.1627906976744244
MODINATUR,-0.9813542688910697
MODIRUBBER,-2.3948692969637952
MODIS,0.9172909341079345
MODISONLTD,0.08446494704697255
MODTHREAD,-1.1085972850678778
MOENERGY,-0.23161551823971716
MOGOLD,0.07189072609632949
MOGSEC,0.27065753860849323
MOHEALTH,-0.20454545454546227
MOHITIND,4.65116279069767
MOIL,0.4873006497341929
MOINFRA,-0.5648750427935609
MOIPO,0.022406453058476383
MOKSH,-2.574257425742578
MOL,1.8139457480445935
MOLDTECH,-0.26092628832353787
MOLDTKPAC,-0.008634087376976034
MOLOWVOL,-0.25667351129363813
MOM100,-0.23313646254275053
MOM30IETF,-0.22165927802405552
MOM50,-0.1869368527311474
MOMENTUM,-0.19108280254776663
MOMENTUM30,-0.5797101449275353
MOMENTUM50,0.13647884577890482
MOMGF,-0.6767855969511802
MOMIDMTM,-0.24271844660193947
MOMNC,0.3648424543947031
MOMOMENTUM,-0.01599488163788406
MON100,-0.360719741979288
MON50EQUAL,-0.2091425156856895
MONARCH,0.10038480843230868
MONEXT50,-0.36571094207138677
MONEYBOXX,-0.9718498659517398
MONIFTY100,-0.378644452858771
MONIFTY500,0.04178854993732371
MONQ50,0.05979073243647462
MONTECARLO,0.2890173410404624
MOPSE,0.49246231155778375
MOQUALITY,0.08122239707599196
MOREALTY,-0.7635354002776453
MOREPENLAB,-0.6464959917248513
MOSCHIP,0.15010351966874766
MOSERVICE,0.3596044351213802
MOSILVER,2.123690060336613
MOSMALL250,0.6798516687268197
MOTHERSON,-0.05217845030001571
MOTILALOFS,5.387374913462137
MOTISONS,-0.755857898715039
MOTOGENFIN,0.34858387799565077
MOTOUR,-0.8732013282499176
MOVALUE,0.7253886010362723
MPHASIS,1.4652919991526023
MPSLTD,2.579088471849861
MRF,-0.6891451238780382
MRPL,3.434026788258758
MSCIADD,0.13188262446423576
MSCIINDIA,-0.3578399479505512
MSPL,-1.7554125219426606
MSTCLTD,-1.3175640626620948
MSUMI,-2.2241231822070127
MTARTECH,-1.2075301882546996
MTNL,0.08947211452430998
MUFIN,2.7029368448410205
MUFTI,-0.6407563025210078
MUKANDLTD,-0.2517702596380749
MUKKA,0.31631269769543735
MUKTAARTS,0.2640571606088874
MULTICAP,-0.18416206261508647
MUNJALAU,0.2025658338960239
MUNJALSHOW,0.23362536503963383
MURUDCERA,0.7566585956416465
MUTHOOTCAP,-1.732452223611347
MUTHOOTFIN,0.4425684318240006
MUTHOOTMF,-1.794418554823501
MVGJL,-0.4613999549853664
MWL,0.1080691642651133
NACLIND,5.000000000000003
NAGAFERT,1.2958963282937472
NAGREEKEXP,2.8721682847896477
NAHARCAP,0.04154549231409337
NAHARINDUS,-0.7625378824909581
NAHARPOLY,1.2020179864005305
NAHARSPING,-0.14704280579458132
NAM-INDIA,3.534532791642489
NARMADA,2.8798787419477
NATCAPSUQ,-0.7110819385187523
NATCOPHARM,1.6261584193040663
NATHBIOGEN,-0.23104104376189413
NATIONALUM,2.0997000428510115
NAUKRI,1.4852616345494705
NAVA,-1.16974494283201
NAVINFLUOR,3.455425017277125
NAVKARCORP,11.398022997780913
NAVNETEDUL,-1.729656111678578
NAZARA,0.2657050673752092
NBCC,-2.082752208275216
NBIFIN,1.794545711459654
NCC,0.9565510272819239
NCLIND,2.0099255583126605
NDGL,0.17171681036023778
NDL,1.7482517482517577
NDLVENTURE,0.5137942589076216
NDRAUTO,-1.2045003309066873
NDTV,-1.6035446777086297
NECCLTD,-0.9708737864077767
NELCAST,0.4182350480970365
NELCO,0.44279388658763363
NEOGEN,6.536321989528784
NEPHROPLUS,-1.1532125205930852
NESCO,0.4230702814712367
NESTLEIND,0.4800365742151748
NETF,-0.29820716415764886
NETWEB,-2.1934018646904163
NETWORK18,-0.9982955928901964
NEULANDLAB,-2.5773546412784767
NEWGEN,-0.795772854596384
NEXT30ADD,0.19574259848300807
NEXT50,-0.3943598036712467
NEXT50ADD,-0.10192195690158325
NEXT50BETA,-0.12208355941400353
NEXT50IETF,-0.3185595567867091
NEXTMEDIA,0.8488964346349868
NFL,-0.19212295869355978
NGIL,0.2757669769045098
NGLFINE,-0.5607864857380321
NH,0.8009825385806589
NHPC,-1.6666666666666612
NIACL,0.0
NIBE,-0.9094633346988864
NIBL,-1.115802171290704
NIF100BEES,-0.10782058654399489
NIF100IETF,0.034223134839156615
NIFTY1,0.05999223629883753
NIFTY100EW,-0.2943773918163127
NIFTYADD,-0.1926354004593546
NIFTYBEES,-0.25353753383355915
NIFTYBETA,-0.2463834430326242
NIFTYBETF,-0.15555049700279544
NIFTYCASE,-0.3898635477582763
NIFTYETF,-0.18311072813442159
NIFTYIETF,-0.2754157055806146
NIFTYQLITY,-0.22552999548940328
NIITLTD,0.21554304873666938
NIITMTS,2.8227785959744724
NILAINFRA,-0.2185792349726729
NILASPACES,4.12224591329069
NILKAMAL,-1.5097309673726325
NINSYS,-0.46777546777547074
NIPPOBATRY,0.6361323155216284
NIRAJ,0.32098044937262743
NIRAJISPAT,-1.2488942082530974
NITCO,-2.4646653428337806
NITINSPIN,2.2881489663878805
NITIRAJ,-1.2036273701566351
NIVABUPA,0.03845660812716464
NKIND,-1.866666666666674
NLCINDIA,-0.2149277061352135
NMDC,0.4403131115459875
NOCIL,0.02861230329040918
NOIDATOLL,-4.785894206549128
NORTHARC,1.420191417104047
NOVAAGRI,0.7427785419532215
NPBET,-0.03739461517541937
NPST,-2.412215992918252
NRAIL,-0.7646463510626285
NRBBEARING,-1.2209302325581417
NRL,-0.5098324836125293
NSIL,-0.3461600386411206
NSLNISP,-0.594106463878327
NTPC,0.1333530893465665
NTPCGREEN,1.4948510685416834
NUCLEUS,-0.10970927043335163
NURECA,1.6279069767441903
NUVAMA,0.18342151675484367
NUVOCO,1.1899641577060867
NV20,-0.5878552971576388
NV20BEES,0.4384268214055492
NV20IETF,0.6635700066356977
NYKAA,0.7319485657764567
OAL,1.2046026609133282
OBCL,0.0
OBEROIRLTY,-0.030164092664092663
OCCLLTD,0.6308484912206859
ODIGMA,-2.8809441166261656
OFSS,1.4767932489451476
OIL,5.239661654135327
OILCOUNTUB,16.851568477429232
OILIETF,-0.5063291139240548
OLAELEC,-0.9652019304038494
OLECTRA,-0.5895811334037351
OMAXAUTO,2.066553624417129
OMAXE,12.687698030031674
OMFREIGHT,3.432951894233962
OMINFRAL,1.7770597738287646
ONEPOINT,0.7879924953095717
ONESOURCE,2.341772151898737
ONGC,3.423698612702046
ONMOBILE,0.2466525722339686
ONWARDTEC,2.2597924338801474
OPTIEMUS,1.6207984335907855
ORBTEXP,-1.0109380178985816
ORCHASP,-5.18518518518519
ORCHPHARMA,2.3565289714444138
ORIENTALTL,-1.6372795969773395
ORIENTBELL,-0.05617977528089036
ORIENTCEM,-0.15113959252765855
ORIENTCER,0.825190010857769
ORIENTELEC,-0.8137432188065066
ORIENTHOT,2.3817987913259926
ORIENTLTD,-2.731034482758626
ORIENTPPR,-0.35922766052985317
ORIENTTECH,-1.516350210970464
ORISSAMINE,-1.8064911206368648
ORKLAINDIA,0.990998430919151
OSIAHYPER,-3.9098740888005294
OSWALAGRO,-1.4018691588785046
OSWALGREEN,-0.667556742323095
OSWALPUMPS,-0.4474517079558997
OSWALSEEDS,-2.6195153896529164
PACEDIGITK,-1.9841927817387959
PAGEIND,0.8147824821766332
PAISALO,-0.028835063437133827
PAKKA,-2.1840242669363104
PALASHSECU,-1.0557007842348654
PALREDTEC,4.978789908461719
PANACEABIO,-3.078050567973622
PANACHE,-0.5610336620197327
PANAMAPET,3.2974661575841715
PAR,0.05360205831903641
PARACABLES,0.19903326698891183
PARADEEP,2.2700694778840083
PARAGMILK,-0.29138590420688815
PARAS,-0.6225737933055007
PARASPETRO,-0.5235602094240842
PARKHOSPS,4.655364091161768
PARKHOTELS,0.602887513882271
PARSVNATH,0.8421052631578954
PASHUPATI,-0.5466830466830522
PASUPTAC,-0.6900878293600968
PATANJALI,-1.3781847855653317
PATELENG,-0.6728971962616812
PATELRMART,1.086165388276131
PATINTLOG,-1.8126888217522674
PAUSHAKLTD,1.9625741670470105
PAVNAIND,0.33206831119544733
PAYTM,1.1124260355029514
PCBL,0.6811256497580335
PCJEWELLER,-0.38722168441433613
PDMJEPAPER,1.0547576301615773
PDSL,0.8867276887871756
PEARLPOLY,-0.09302325581395152
PENIND,-0.9142313586640542
PENINLAND,0.415282392026584
PERSISTENT,0.5058888625405106
PETRONET,0.4016765630457482
PFC,-0.6051640667025282
PFIZER,0.6944732368672001
PFOCUS,-0.12358393408857316
PFS,-0.27556644213103587
PGEL,-0.6464612543027302
PGHH,-0.10487253952888029
PGHL,-1.2738269794721409
PGIL,0.5158437730287428
PHARMABEES,-0.602409638554204
PHOENIXLTD,0.5092568033526146
PICCADIL,2.8342958685028954
PIDILITIND,-0.1265991471215261
PIGL,0.027517886626308146
PIIND,0.3255128362608988
PILANIINVS,-0.937311026002822
PILITA,-0.43907793633368986
PINELABS,-1.7623156645208482
PIONEEREMB,-1.154817755322989
PIRAMALFIN,0.054150647100232846
PITTIENG,-3.780205230056267
PIXTRANS,0.5326540064844729
PKTEA,-4.89618612869975
PLASTIBLEN,-0.025345330122919812
PLATIND,2.985205287577691
PLAZACABLE,0.8182050626438259
PNB,1.1042546281260146
PNBGILTS,3.5224035224035206
PNBHOUSING,-0.7773743159617473
PNC,-1.6515926071568943
PNCINFRA,-1.2531328320802004
PNGJL,-0.3822185292895645
POCL,1.7025023849710168
PODDARMENT,-1.802861062120319
POKARNA,-0.35265452680174403
POLICYBZR,-2.220232766338409
POLYCAB,-0.9699829597588151
POLYMED,-2.203070600993089
POLYPLEX,-0.566693071720185
PONNIERODE,-1.0056925996204846
POONAWALLA,2.3640399556048783
POWERGRID,0.09669309611293753
POWERINDIA,-1.853233117218429
POWERMECH,0.15165958921916975
PPAP,-0.5749468061025769
PPL,-0.2518430331059036
PPLPHARMA,0.37560364872117324
PRABHA,-0.4252303330970936
PRAJIND,0.9178823143746964
PRAKASH,-2.86864251738018
PRAXIS,-0.32362459546924877
PRECAM,-0.7434944237918312
PRECOT,-0.7112970711297103
PRECWIRE,-1.846885813148781
PREMEXPLN,-1.458718272877565
PREMIERENE,0.429184549356214
PREMIERPOL,19.99510523739599
PRESTIGE,0.8371536774965209
PRICOLLTD,-2.067507244106828
PRIMESECU,1.225535028351917
PRIMO,-0.810081008100809
PRINCEPIPE,-0.514827018121911
PRITI,1.0657846380007319
PRITIKAUTO,-6.597222222222229
PRIVISCL,-0.32443592390503545
PROSTARM,-1.2795825827691174
PROTEAN,0.4734647728075787
PRSMJOHNSN,-0.13171147439373013
PRUDENT,-0.8452084439181667
PRUDMOULI,-4.2756539235412365
PSB,0.03664345914254879
PSPPROJECT,-0.2711333373501235
PSUBANK,1.1084443516875886
PSUBANKADD,0.8150614165996944
PSUBNKBEES,0.6955257967403734
PSUBNKIETF,0.9280476626947779
PTC,0.27830487033522944
PTCIL,0.5070202808112325
PTL,0.7810466024472905
PUNJABCHEM,2.0772058823529327
PURVA,-0.6386192017259934
PVRINOX,6.1920765862104155
PVSL,1.4232463571670557
PVTBANIETF,-0.10409437890354314
PVTBANKADD,0.0
PWL,-0.18656716417908947
PYRAMID,-0.1103955841766371
QGOLDHALF,-0.008568246080019626
QNIFTY,-0.4229878873259314
QPOWER,-2.1861932360061593
QUADFUTURE,0.01641227638273802
QUAL30IETF,-0.2276867030965424
QUALITY30,-0.4638218923933111
QUESS,0.4767974319029368
QUICKHEAL,-3.2541211731963275
RACE,-0.9679225661947108
RACLGEAR,0.23310023310024194
RADAAN,2.4024024024024047
RADHIKAJWE,0.5712767370798549
RADIANTCMS,-1.1043186748175946
RADICO,3.3936012430256337
RADIOCITY,-3.318250377073903
RAILTEL,-0.9896667151797508
RAIN,0.12109124581524036
RAINBOW,-0.21438780371605884
RAJMET,-1.5837104072398256
RAJOOENG,-2.6331273904089527
RAJRATAN,8.855783157459138
RAJSREESUG,2.9477731496315336
RAJTV,-1.3885505481120592
RALLIS,-1.8493015935471244
RAMANEWS,0.0
RAMAPHO,2.0582246436629688
RAMASTEEL,-0.5688282138793963
RAMCOCEM,0.12921089063221883
RAMCOIND,-1.4763014763014763
RAMCOSYS,-2.495990376904569
RAMKY,-0.5369394451625823
RAMRAT,-0.30170968823333355
RANASUG,0.16849199663017145
RANEHOLDIN,-1.6056083220262294
RATEGAIN,1.5654976594275263
RATNAMANI,-0.6449561702320852
RATNAVEER,8.149548414198687
RAYMOND,-0.3463631865413106
RAYMONDLSL,0.2681518151815205
RAYMONDREL,-0.28331584470094917
RBA,1.8515730844497813
RBLBANK,0.2623811085601874
RBZJEWEL,-1.430356894875713
RCF,0.5779078273591958
RECLTD,-0.9716599190283461
REDINGTON,1.4490061304105646
REDTAPE,11.070967741935487
REFEX,3.3354714560615832
REGAAL,2.21518987341772
REGENCERAM,-3.842975206611569
RELAXO,0.46978161503300303
RELCHEMQ,-1.1413843888070774
RELIANCE,-2.0496224379719585
RELIGARE,-1.5215895754927034
RELTD,7.649794432836823
REMSONSIND,1.1711870376893256
RENUKA,-0.7914523149980186
REPCOHOME,0.6286207321582674
REPL,-2.5054777555492005
REPRO,1.875
RESPONIND,1.5410403374067234
RETAIL,3.2654792196777063
RGL,3.1945624468988876
RHETAN,3.886639676113364
RHIM,0.5165057264765351
RHL,-2.2336769759450203
RICOAUTO,1.4495049504950595
RIIL,0.1876415399547131
RISHABH,-1.5566365531619244
RITCO,-0.45186640471512995
RITES,-2.0103761348897558
RKDL,-2.0991514068780655
RKEC,-0.9062861550327783
RKFORGE,-1.5068900565083816
RKSWAMY,-2.0670897552130563
RMDRIP,1.1050328227571016
RML,-0.5653665353830575
RNBDENIMS,-3.295932678821882
ROHLTD,1.6715699384862264
ROLEXRINGS,2.027757001578989
ROML,1.6256773655689898
ROSSARI,-1.4654002713704248
ROSSELLIND,0.35262393694254657
ROSSTECH,-2.2877478393492625
ROTO,-2.8243178554332267
ROUTE,-1.5681818181818217
RPEL,-0.248029543074464
RPGLIFE,-0.07767325450937179
RPOWER,0.14965579167915077
RPPINFRA,-0.7978142076502776
RPPL,-0.7466973004020621
RPSGVENT,0.8712622847982157
RPTECH,-0.8126777732629012
RRKABEL,0.9541728262330361
RSSOFTWARE,-1.3933547695605544
RSWM,0.821127385707934
RSYSTEMS,-1.9348268839103926
RTNINDIA,-0.1554001554001613
RTNPOWER,0.4509582863585223
RUBFILA,1.2575021434695561
RUBICON,0.35571365051133497
RUBYMILLS,0.7858830336049348
RUCHINFRA,-0.9724473257698478
RUCHIRA,-0.6619706356615472
RUDRA,3.9462636439966468
RUPA,-1.145989038365722
RUSHIL,-0.2337540906965905
RUSTOMJEE,-0.5821539696878405
RVHL,-0.40192926045015226
RVNL,-0.4372078998944637
RVTH,1.911476124718363
S&SPOWER,-0.28459622909996846
SAATVIKGL,-0.49788399302962405
SADBHIN,1.1142061281337057
SADHNANIQ,-0.2971768202080306
SAFARI,2.8275394596688335
SAGARDEEP,-0.8118081180811898
SAGCEM,1.4889336016096477
SAGILITY,0.33596837944664365
SAHYADRI,0.2600000000000023
SAIL,-0.9784211231738427
SAILIFE,1.2873614687115191
SAKAR,0.3611556982343408
SAKHTISUG,0.3367003367003295
SAKSOFT,0.668175449940716
SAKUMA,0.0
SALASAR,-1.0477299185098936
SALONA,7.6054537707712075
SALZERELEC,-1.2189292543020995
SAMBHV,-1.1265738899933844
SAMHI,-0.1389111502911743
SAMMAANCAP,-0.6576645910585586
SAMPANN,-1.4285714285714253
SANATHAN,3.2509596928982756
SANDESH,1.8939027925403331
SANDHAR,1.3044659842376902
SANDUMA,-0.8181026979982696
SANGAMIND,0.03322259136212121
SANGHIIND,-0.2675059008654518
SANGHVIMOV,0.031740993493085505
SANGINITA,-1.7857142857142794
SANOFI,-0.3713657463962819
SANOFICONR,-1.5812114870363911
SANSERA,-0.7730836236933822
SANSTAR,0.47629357003680206
SAPPHIRE,2.0716054942580473
SARDAEN,-2.049512987012992
SAREGAMA,-0.2833262501770789
SARLAPOLY,2.5659559089266297
SARVESHWAR,-0.6944444444444501
SASKEN,-1.7724011816007907
SASTASUNDR,1.6795069337442186
SATIA,0.8742839915586347
SATIN,1.7801753202966866
SAURASHCEM,1.9167217448777114
SBC,0.9164610504053508
SBCL,0.05770340450086555
SBFC,-0.420044935039569
SBGLP,3.672398717575045
SBIBPB,0.5375273740792418
SBICARD,0.24539877300613763
SBIETFCON,-0.5787781350482306
SBIETFIT,0.8669685001444865
SBIETFPB,0.35816372214761183
SBIETFQLTY,-0.13834248411222738
SBILIFE,-0.7435653002859823
SBILIQETF,0.01173720400238701
SBIN,1.310151209180916
SBINEQWETF,-0.47619047619048716
SBISILVER,2.186799102851642
SCHAEFFLER,0.5465785773037202
SCHAND,0.7091316247822933
SCHNEIDER,-1.833788529067499
SCI,-1.7339700496082382
SCILAL,0.0862068965517223
SCODATUBES,1.6438898791840029
SCPL,0.13295662290177074
SDBL,-0.7353662123737622
SDL26BEES,-0.08833271991167063
SEAMECLTD,-1.8810564316929468
SECMARK,4.069604266067915
SELECTIPO,0.1120824927146316
SEMAC,0.48704122456080506
SENCO,-3.1780270348001185
SENORES,-0.09217156200073737
SENSEXADD,-0.2443849645060025
SENSEXBETA,0.05526418447401401
SENSEXETF,-0.3605489648755551
SENSEXIETF,-0.22741260783843936
SEPC,-1.5233949945592906
SEQUENT,-1.2675983167956766
SERVOTECH,-0.7858546168958773
SESHAPAPER,0.9614157485004549
SETCO,4.890510948905109
SETF10GILT,-0.21539289972691342
SETFGOLD,-0.43099875673436405
SETFNIF50,-0.25367833587011257
SETFNIFBK,0.18407731247121997
SETFNN50,-0.5869185411661872
SFL,2.280276505970003
SGFIN,-1.2077589361961805
SGIL,-2.870264064293915
SGL,-3.5548686244203953
SGLTL,-0.7530120481927792
SGMART,-1.5674431981593295
SHAH,3.5785288270377675
SHAHALLOYS,0.6858310229096729
SHAILY,-0.5770287598461216
SHAKTIPUMP,0.03469090404495941
SHALBY,-0.48235036176276885
SHALPAINTS,-0.43988269794720986
SHANKARA,0.34808097462672477
SHANTI,-5.9440559440559415
SHANTIGEAR,-0.7219789324180403
SHANTIGOLD,1.570503527592539
SHARDACROP,0.7578581190209993
SHARDAMOTR,-2.1001069759585587
SHAREINDIA,-0.960901259112006
SHARIABEES,-0.011613502632383367
SHEKHAWATI,-0.054200542005409275
SHEMAROO,-1.9320899091343817
SHILCTECH,1.359100269285604
SHILPAMED,-0.9239039139929448
SHIVALIK,0.04464285714285038
SHIVAMAUTO,0.09037505648440837
SHIVAMILLS,-0.3250857865269997
SHIVATEX,0.25925053028517425
SHIVAUM,-1.133522253708944
SHK,-2.3551358283782164
SHOPERSTOP,1.0469068660775045
SHRADHA,13.251986379114628
SHREDIGCEM,-0.043845226350987886
SHREECEM,-0.03681207436039021
SHREEJISPG,0.3283173734610092
SHREEPUSHK,1.0867924528301955
SHREERAMA,-2.1351741852624793
SHREYANIND,-0.3305394876637787
SHRINGARMS,-0.07151796888968201
SHRIPISTON,-1.8686771054836004
SHRIRAMFIN,0.6424753289473685
SHRIRAMPPS,-0.703443169196603
SHYAMMETL,0.9123634558093374
SHYAMTEL,-2.8099173553718995
SIEMENS,-1.110440150295235
SIGACHI,-0.14109347442681727
SIGIND,-4.451853304569529
SIGMA,5.755894590846047
SIGNATURE,-0.8371703641691084
SIGNPOST,-3.9564691656590116
SIL,-0.7807417046193834
SILGO,0.042182227221598895
SILINV,-0.7061266874350939
SILVER,2.2997090966271023
SILVER1,1.9709585294235858
SILVER360,2.1267204365795846
SILVERADD,1.8226101075705337
SILVERAG,2.3342858292751685
SILVERBEES,2.5313334703102512
SILVERBETA,2.487501524204367
SILVERBND,4.243242170444169
SILVERCASE,2.5164537359659396
SILVERIETF,2.6251574307304737
SILVERTUC,-4.615773189366681
SIMPLEXINF,-0.17510944340212112
SINCLAIR,2.0851542015232885
SINDHUTRAD,-0.47393364928909876
SINTERCOM,1.3349514563106872
SIRCA,2.2302849215665326
SIS,2.9995385325334563
SIYSIL,2.830665543386681
SJS,3.1739365212695665
SJVN,-1.378368309946603
SKFINDIA,2.051477390216033
SKFINDUS,2.150907354345757
SKIPPER,-0.4619225967540631
SKMEGGPROD,7.223264540337699
SKYGOLD,0.27343156615525877
SMALL250,0.49627791563274376
SMALLADD,0.5576208178438653
SMALLCAP,0.893697083725295
SMARTLINK,1.3440643863179087
SMARTWORKS,4.129696571365981
SMCGLOBAL,-2.8040618509116
SML100CASE,0.7209062821833008
SMLMAH,0.07305462600745544
SMLT,0.9220130618517082
SMSPHARMA,-2.25075746645506
SNOWMAN,-0.4616568350859187
SNXT30BEES,0.34389584868582795
SNXT50BETA,0.4174248100181808
SOBHA,-1.0713824706338024
SOFTTECH,-2.73635916762247
SOLARA,3.034168564920269
SOLARINDS,-2.6529673362981137
SOLARWORLD,4.191051538606745
SOLEX,-2.3483195111305184
SOMANYCERA,0.8363636363636335
SOMICONVEY,2.2400275695700946
SONACOMS,0.043778045310274405
SONAMLTD,0.6519558676028034
SONATSOFTW,0.9331036462819409
SOTL,1.0078387458006783
SOUTHBANK,-1.5807392996108918
SPAL,2.362624799939029
SPANDANA,-0.6821000413393988
SPARC,0.43619695401449315
SPECIALITY,-2.0244012652507988
SPECTRUM,2.553916004540295
SPENCERS,3.7608225108225124
SPIC,1.0852713178294433
SPLIL,-1.4039566049776684
SPLPETRO,0.6521933351201603
SPMLINFRA,1.0803802938634401
SPORTKING,1.6017212526894613
SRD,-1.2243599936396934
SREEL,1.0982334797644746
SRF,-0.21011162179908371
SRGHFL,-0.574499629355082
SRHHYPOLTD,0.5821810999064375
SRM,-1.4452926208651447
SSDL,0.5257332595462029
SSWL,1.3563937071399748
STANLEY,-0.392379575610507
STAR,-0.45127323519931717
STARCEMENT,-0.251314748452549
STARHEALTH,1.0460015746260212
STARPAPER,-0.3575611861167699
STARTECK,-0.2565512186183051
STCINDIA,0.5674098937105474
STEELCAS,-1.8904320987654397
STEELCITY,0.7559755419677516
STEELXIND,1.9813519813519804
STEL,-1.2391996361982693
STERTOOLS,-0.05913660555884316
STLNETWORK,-0.4259346900141972
STLTECH,0.20491803278688278
STOVEKRAFT,-2.217670110438178
STUDDS,2.5100980957876646
STYL,0.8768724881256975
STYLAMIND,0.14184397163120152
STYLEBAAZA,7.695551338815096
STYRENIX,-1.239881135362232
SUBEXLTD,-0.7633587786259549
SUBROS,0.7097791798107145
SUDARSCHEM,-1.1308911855419006
SUDEEPPHRM,3.325573661456602
SUKHJITS,2.236789143810025
SULA,-1.776840837223306
SUMEETINDS,4.9815498154981475
SUMICHEM,0.8788951032987025
SUMIT,2.3970722781335816
SUMMITSEC,1.0380622837370317
SUNCLAY,0.12092873266688164
SUNDARAM,1.142857142857144
SUNDARMFIN,-1.7970904250261481
SUNDRMBRAK,1.4004068220935584
SUNDRMFAST,0.6342150910667848
SUNDROP,-1.788190643018758
SUNFLAG,2.493019545273235
SUNPHARMA,-0.4205069124423937
SUNTECK,0.19061234214915687
SUNTV,-0.23284972237147672
SUPERHOUSE,-2.2706502636203796
SUPERSPIN,-1.5990159901599112
SUPRAJIT,-0.21741493640613113
SUPREME,0.17585931254995912
SUPREMEIND,-0.9689313173464326
SUPRIYA,-0.49845076114777476
SURAJEST,1.811516066422263
SURAJLTD,3.8793103448275863
SURAKSHA,-3.1878282919760954
SURANASOL,-0.03838771593090811
SURANAT&P,-0.2061855670103049
SURYALAXMI,1.5321574915375011
SURYAROSNI,-1.1906976744186004
SURYODAY,-2.3970927388357026
SUTLEJTEX,1.1180992313067795
SUVEN,-0.7454462954560223
SUVIDHAA,1.1661807580174937
SUYOG,-0.7239252837608486
SUZLON,-1.0365853658536688
SVLL,-1.0784678319077723
SWANCORP,-0.5548341400070883
SWARAJENG,-0.01665602531716858
SWELECTES,-1.6421052631578947
SWIGGY,0.2145308924485126
SWSOLAR,3.2456944869051285
SYMPHONY,-0.060726509881866855
SYNCOMF,-0.7621951219512169
SYNGENE,-0.5837803723571997
SYRMA,0.6134969325153472
SYSTMTXC,-1.916134407109143
TAINWALCHM,-1.304609987392422
TAJGVK,1.8193069306930751
TALBROAUTO,0.28243268687629447
TANLA,-1.052945266713025
TARACHAND,-1.3894509645217876
TARC,-0.8949306145567899
TARIL,1.4205607476635556
TARMAT,13.795282224094366
TARSONS,-2.0908598265895932
TASTYBITE,1.3355263157894737
TATACAP,-0.11459676264146514
TATACHEM,1.6389073950699475
TATACOMM,0.07482875726702093
TATACONSUM,-0.2432273756604767
TATAELXSI,1.7476069201721263
TATAGOLD,0.0
TATAINVEST,0.3599820008999516
TATAPOWER,-0.5801403130059455
TATASTEEL,-0.36564068980572795
TATATECH,1.156733568254934
TATSILV,2.592142567841219
TATVA,3.7131981667055043
TBOTEK,2.2766608973505553
TBZ,-0.9745533297238623
TCI,2.332754964333894
TCIEXP,0.7768829938417854
TCPLPACK,-1.1347369156104885
TCS,0.8766514384491941
TDPOWERSYS,5.0275061124694345
TEAMGTY,-1.3793103448275863
TEAMLEASE,-0.9939296911480131
TECH,0.34229828850855887
TECHM,1.8094697686148444
TECHNOE,-1.0999999999999999
TECILCHEM,-0.5780346820809331
TEGA,-0.037257824143072465
TEJASNET,-0.5561440677966162
TEMBO,-2.243861134631668
TENNIND,1.76991150442477
TEXINFRA,-0.843421313752723
TEXMOPIPES,-0.3258036490008657
TEXRAIL,-0.5429141716566921
TFCILTD,-1.2357414448669108
TFL,-0.3182686187141993
TGBHOTELS,3.308431163287092
THANGAMAYL,1.926111322705254
THEINVEST,-1.7428087986463638
THEJO,3.538594969644408
THELEELA,1.5711645101663612
THEMISMED,0.33648790746583324
THERMAX,0.5017969756560564
THOMASCOOK,1.2651747842620957
THOMASCOTT,2.0367227279740674
THYROCARE,3.5461776403004763
TI,0.456407255705088
TIGERLOGS,0.7878787878787818
TIIL,-1.1023472393803964
TIINDIA,-0.8884460497363572
TIJARIA,-1.9417475728155356
TIL,-0.9360374414976511
TIMETECHNO,1.9509160823343072
TIMKEN,2.4258760107816713
TINNARUBR,0.08551272001710579
TIPSFILMS,0.5686032138442549
TIPSMUSIC,-1.748285521104985
TIRUMALCHM,-1.2938576296159878
TIRUPATIFL,0.7070135746606335
TITAGARH,-0.7518325919428608
TITAN,0.17960109651194475
TMB,-1.2546832796026914
TMCV,-0.17651212049894094
TMPV,-0.22821280844387715
TNIDETF,0.6213753106876494
TNPETRO,-0.983244707534869
TNPL,1.4891925106628885
TNTELE,1.8123667377398713
TOKYOPLAST,1.406025824964131
TOLINS,-0.10825858335909865
TOP100CASE,-0.27247956403269175
TOP10ADD,-0.5255179383526993
TOP15IETF,-0.09191176470589672
TOP20,-0.10427528675703635
TORNTPHARM,-0.24051850726619067
TORNTPOWER,-0.34046332617866254
TOTAL,2.2336769759450203
TOUCHWOOD,-0.42289535798584454
TPHQ,0.0
TPLPLASTEH,1.6116770564087006
TRACXN,3.1665779670037386
TRANSRAILL,-0.26718733943068773
TRANSWORLD,-3.024952919020708
TRAVELFOOD,0.3660449712393078
TREEHOUSE,7.6059850374065
TREL,-1.7510468214693602
TRENT,-3.3157479538507046
TRF,1.9412288512911804
TRIDENT,-0.3533568904593634
TRIGYN,-1.8503874743001656
TRITURBINE,-0.1944390433599067
TRIVENI,-1.2098516491430185
TRU,-0.12987012987012708
TRUALT,-0.06749460043196545
TSFINV,2.5388039947058143
TTKHLTCARE,-0.4332057223453625
TTKPRESTIG,-0.5020500376537529
TTL,-2.389937106918244
TTML,1.3015184381778773
TVSHLTD,-2.3012983444391013
TVSMOTOR,0.01597954618088604
TVSSCS,2.683110525324792
TVSSRICHAK,-0.09489051094889626
TVTODAY,-0.19546803735610063
TWCGOLDETF,-0.1064509261230613
UBL,1.0941207487476872
UCAL,-1.2764003673094586
UCOBANK,0.06918021445866335
UDS,-2.80931085884645
UFBL,-5.015372790161413
UFLEX,0.23287816237958417
UFO,0.680786686838132
UGARSUGAR,-1.9061583577712637
UGROCAP,-1.2164999382487334
UJJIVANSFB,-1.0288065843621423
ULTRACEMCO,-0.4463547693833692
UMAEXPORTS,1.0954165465552108
UMESLTD,-0.4024144869215206
UMIYA-MRO,1.3044008289650044
UNICHEMLAB,-0.7815318023325718
UNIDT,-0.18283392585069255
UNIECOM,0.20920502092049764
UNIENTER,-2.0307014524678304
UNIINFO,0.0
UNIMECH,3.7067115261906065
UNIONBANK,1.3477253323576095
UNIONGOLD,0.6538321830730154
UNIPARTS,0.7549759780370521
UNITDSPR,-0.6176559204579556
UNITECH,-3.5514018691588696
UNITEDTEA,0.14701249606217484
UNIVASTU,0.5171299288946352
UNIVCABLES,-2.3747501060156324
UNIVPHOTO,-1.5288428662140359
UNOMINDA,-0.7603305785124004
UPL,-0.051689603928406956
URAVIDEF,3.048083913178926
URBANCO,0.22187708009761328
URJA,0.0
USHAMART,-1.2469969111085661
USK,-0.045065344749894376
UTIAMC,1.6955538809344386
UTKARSHBNK,-0.6342494714587729
UTLSOLAR,-0.009201748332174747
UTTAMSUGAR,-1.2071567148092188
V2RETAIL,0.4050871408384319
VADILALIND,0.4920398880335899
VAIBHAVGBL,-0.9958913897820606
VAISHALI,-2.9953917050691223
VAKRANGEE,-1.3315579227696357
VAL30IETF,0.3348961821835279
VALIANTLAB,-1.9809582309582403
VALIANTORG,-0.9883720930232601
VARDHACRLC,0.6998654104979758
VARDMNPOLY,-0.1869158878504633
VARROC,-1.47766022558364
VASCONEQ,0.26942074539738986
VASWANI,-2.660046107465863
VBL,1.4985824220332071
VEDL,1.570096437395397
VEEDOL,-0.19252984212552945
VENKEYS,-2.1468015139293994
VENTIVE,1.9778746228628896
VENUSPIPES,1.5987715653509211
VERANDA,-2.0800145646534167
VERTOZ,-0.10175897659544612
VESUVIUS,-1.144953312583378
VETO,-1.6813826789404396
VGL,-0.07436049970255378
VGUARD,-0.5243088655862654
VHL,-1.1142701243502406
VIDHIING,4.911196911196904
VIDYAWIRES,0.7575757575757563
VIJAYA,1.524235341936795
VIJIFIN,-5.000000000000004
VIKASECO,-0.6250000000000006
VIKASLIFE,0.56497175141243
VIKRAMSOLR,1.2002471096990552
VIKRAN,-1.7008555818987792
VIMTALABS,-2.311111111111111
VINATIORGA,0.5668067762068439
VINCOFE,-1.5203015882825586
VINDHYATEL,-1.5167442558942819
VINEETLAB,-0.9436744323208293
VINNY,0.0
VINYLINDIA,0.4940232014467842
VIPCLOTHNG,-2.529182879377436
VIPIND,0.45558086560365685
VIRINCHI,-2.576632607729906
VISAKAIND,-0.8799878622363804
VISHNU,1.7231193383221628
VISHWARAJ,5.061349693251535
VIVIDHA,-1.7241379310344844
VIVIMEDLAB,-4.904904904904907
VLEGOV,-2.621305075292799
VLSFINANCE,-1.7334026694401108
VMART,-1.0729441908879886
VMM,-0.054585152838444784
VMSTMT,-0.22760190357955604
VOLTAMP,1.0086048808012413
VOLTAS,-0.5108295872496935
VPRPL,-1.1459589867310018
VRAJ,2.2589320015366865
VRLLOG,0.5237711522965397
VSSL,-0.037160906726132564
VSTIND,-0.020610057708154553
VSTL,-0.7050796057619461
VSTTILLERS,-0.7783477799398549
VTL,-1.3179767276181455
WAAREEENER,0.896425938142726
WAAREERTL,6.458267216756592
WABAG,1.0735281588139993
WAKEFIT,1.264295155450846
WALCHANNAG,-1.718336938235992
WANBURY,-0.4402397901835883
WCIL,-1.2712233347844961
WEALTH,-0.5772418128822162
WEBELSOLAR,1.7742319599904677
WEIZMANIND,-0.23714562897488292
WEL,-0.9788593569438012
WELCORP,-0.08767788493963408
WELENT,-0.6685664182376175
WELINV,0.08566978193145709
WELSPUNLIV,-0.0740984686316394
WENDT,0.9641209283107225
WESTLIFE,2.15
WEWORK,-0.8939657313136293
WHEELS,1.013618556059958
WHIRLPOOL,-2.210278398454021
WILLAMAGOR,-1.8149466192170873
WINDLAS,2.607889859676998
WINDMACHIN,-1.2447299739008322
WIPL,3.474795497448087
WIPRO,0.41809198023563887
WOCKPHARMA,-0.4448270914047959
WONDERLA,1.8432285603414824
WORTHPERI,-0.6078799249530974
WSI,1.327958264168829
WSTCSTPAPR,2.807668521954242
XCHANGING,0.5000657981313458
XPROINDIA,1.8827972988439887
XTGLOBAL,1.9941157240928389
YASHO,-1.731406202950918
YATHARTH,0.9227857086520874
YATRA,1.0929632813459245
YESBANK,-0.7404181184669063
YUKEN,-1.6205968688845402
ZAGGLE,-1.1466408268733888
ZEEL,-0.8895807850550554
ZEELEARN,-2.235469448584208
ZEEMEDIA,1.520467836257298
ZENITHEXPO,-0.6989973004242136
ZENITHSTL,0.8426966292134775
ZENSARTECH,0.16146016146015826
ZENTEC,-2.384336017685127
ZFCVINDIA,1.2175034018477404
ZIMLAB,3.367556468172496
ZODIAC,1.758886038842071
ZODIACLOTH,0.4596032897919635
ZOTA,0.8220786846740911
ZUARI,-0.35502958579882044
ZUARIIND,-2.0352317427740876
ZYDUSLIFE,0.6312496508575042
ZYDUSWELL,0.05665080444142307
